input_1,input_2,input_3,input_4,input_5,input_6,input_7,input_8,input_9,input_10,input_11,input_12
13.0,-5.0,23.0,7.0,7.0,30.0,14.0,187.64217607215298,65.46388556159452,72.23044745118447,21.72903481548296,185.9599181737204
6.0,-12.0,25.0,2.0,14.0,12.0,20.0,101.05225693453066,29.488386695263923,136.85449903208712,104.41346850738778,115.88449738141166
-6.0,12.0,18.0,9.0,25.0,8.0,33.0,100.32981089492982,192.4268796166034,29.308793813806446,113.30153631730484,101.47841316698747
-14.0,-16.0,14.0,21.0,6.0,3.0,29.0,2.4091975464763493,196.5751722821418,2.0468616682079555,174.4822812923719,47.928977271573835
-4.0,3.0,20.0,13.0,31.0,7.0,31.0,169.31611334589306,67.14814098303015,48.39373855059412,26.162127705433868,171.47204019908733
0.0,-5.0,20.0,16.0,18.0,6.0,21.0,109.23940346895591,160.16350626532352,102.67082872841031,72.72149960958754,55.310361943197805
4.0,2.0,27.0,32.0,12.0,8.0,31.0,132.12346340191348,161.9480632607595,182.75527227304536,180.10568265318318,42.89007933102522
-11.0,-2.0,23.0,32.0,25.0,16.0,20.0,51.50541332418512,187.03669575819006,85.44618141781235,199.67516884005536,37.14259681335284
1.0,2.0,7.0,21.0,11.0,8.0,30.0,161.47294006286404,54.73534028312488,26.95992786964232,18.917851599453407,23.15024678390012
-11.0,-9.0,8.0,32.0,26.0,18.0,4.0,98.3600203263589,108.24947810433787,174.6112216521934,56.00396839297408,29.700919725574092
13.0,-1.0,30.0,7.0,2.0,20.0,15.0,190.02749059245002,33.708264208896765,68.31187311442687,65.17711282878736,126.50806566371095
15.0,-11.0,11.0,17.0,14.0,24.0,14.0,129.29647312342755,139.29088982002398,161.35657349546202,47.262511105728365,47.44077502043231
-15.0,-12.0,16.0,33.0,31.0,28.0,6.0,112.10337882016846,36.76907281886381,18.71601064063979,4.56396477770995,84.83624858712619
-7.0,12.0,18.0,17.0,23.0,29.0,3.0,96.30566079872122,167.13194390796053,132.87647665478636,189.0302769809629,135.52603419547708
8.0,5.0,25.0,13.0,12.0,12.0,15.0,194.40922666169308,136.31582845469768,144.45905803264392,58.64782931233978,138.48714835283624
6.0,-12.0,12.0,22.0,21.0,29.0,22.0,38.79997470669012,142.74258347103608,23.48464323552879,36.08078338029039,60.67062959246534
-10.0,7.0,9.0,8.0,9.0,6.0,25.0,46.22863456940402,146.2735565124248,62.11969537266624,19.574680713311498,94.63260175472263
-12.0,0.0,26.0,9.0,5.0,17.0,28.0,134.1169526403799,144.6339886101867,58.18941503955497,115.56364720824703,83.91440662823855
-16.0,8.0,10.0,17.0,27.0,11.0,6.0,46.36797583473036,90.22322082164959,132.07066505800609,9.67339300763712,73.75443492194603
16.0,1.0,30.0,11.0,4.0,25.0,20.0,118.33143683604135,113.6913758158832,74.47522418509156,140.76191722142073,172.58337486239975
-2.0,-8.0,13.0,11.0,7.0,23.0,30.0,145.5237254295866,131.07010620705591,155.48425071475955,51.80258790523027,183.1841967430478
11.0,6.0,24.0,27.0,11.0,14.0,25.0,38.594849238855325,30.382062973241155,85.09020272172747,117.19649202429514,107.05088486608956
15.0,-2.0,8.0,30.0,25.0,10.0,28.0,44.14259833650276,155.07645641172255,60.01992884715985,6.752948148840976,108.78716294148762
1.0,-8.0,23.0,15.0,9.0,20.0,10.0,116.16427695532516,77.21409309005634,32.85705546596582,1.802161221857479,126.99551603034874
1.0,8.0,22.0,16.0,24.0,28.0,23.0,196.3029784437776,91.7937086686554,177.48570330264138,53.236146911744896,88.1162616645732
8.0,0.0,31.0,7.0,29.0,13.0,5.0,14.629988232572288,19.87314555747599,144.23614269181402,151.28028365057068,33.41159343143638
-3.0,12.0,14.0,33.0,33.0,4.0,19.0,162.21074201624646,185.94065212181502,50.908862241865016,79.55782407906385,90.25363189640841
8.0,-9.0,27.0,24.0,26.0,22.0,7.0,119.06192779816789,12.759760889462912,70.51384194007821,198.74264969513467,157.00143618719417
-6.0,8.0,28.0,3.0,22.0,5.0,10.0,163.10683604475557,79.85358027150689,153.48017008839022,171.26606404989136,8.324182566934656
16.0,8.0,18.0,8.0,5.0,27.0,24.0,118.90894405694313,104.28459526866074,144.66072491623947,74.77233647770076,186.1264805652227
-6.0,3.0,21.0,14.0,15.0,14.0,24.0,175.45515734485102,5.563206576938673,58.6556265494601,16.801125571668596,24.593516633178215
8.0,-1.0,32.0,3.0,22.0,29.0,31.0,151.88576765103753,39.527496320490926,9.00964801791002,12.470587834216085,1.2900281139570868
-13.0,-10.0,29.0,31.0,22.0,17.0,19.0,36.393888147541745,167.73468675131895,113.49724415961306,150.1657451825909,161.4204484319344
3.0,-11.0,5.0,13.0,8.0,16.0,26.0,13.396960661510725,127.55552436538717,48.88376347315588,186.1947130257946,24.523453497938206
13.0,2.0,23.0,27.0,25.0,31.0,7.0,52.44393782548931,44.905357116163216,51.43243430752504,30.12481558995168,120.09963891242461
-6.0,-1.0,26.0,13.0,22.0,4.0,13.0,79.98051862851226,33.945664358388264,26.42937089264872,189.72996787139522,182.99125446957657
-3.0,0.0,33.0,27.0,16.0,9.0,3.0,102.69454271993068,160.30787674498274,27.06607472713256,124.14702156153375,30.343455830674326
-15.0,-16.0,31.0,30.0,23.0,9.0,24.0,58.8268768388607,49.005928582353505,57.07203117903765,179.61537790289407,101.93375341585079
6.0,11.0,8.0,11.0,14.0,32.0,31.0,168.56528430777612,1.7430214665736132,12.23413017305861,160.54378094701823,14.231257237532535
10.0,-8.0,5.0,26.0,25.0,11.0,25.0,23.64252343070934,138.91465204635938,66.73402260120149,179.0776930323811,30.085403239449192
16.0,2.0,2.0,8.0,22.0,10.0,23.0,57.52581634181632,145.95984242252348,151.90863643638016,47.05969178559128,161.1495933959518
6.0,-1.0,4.0,20.0,17.0,22.0,16.0,2.658119263461378,57.05980937712247,135.85345549978365,117.89122245668999,66.49516521593573
-5.0,3.0,10.0,25.0,11.0,16.0,11.0,105.06201290275348,180.8187686937915,152.0767664802373,55.28525381142815,30.07953965854655
-12.0,0.0,18.0,11.0,32.0,22.0,15.0,80.6873745519882,97.04118730394211,55.91362158594233,14.224562812114637,55.32535436849726
-1.0,-15.0,16.0,23.0,15.0,6.0,2.0,70.66794773197161,27.33244278492233,173.5554317040792,192.69037284079081,41.406367617058336
-4.0,15.0,25.0,29.0,6.0,6.0,18.0,107.78073793344886,125.31519100009365,92.40535273406682,180.86976477375975,57.410989248381306
4.0,10.0,2.0,32.0,2.0,17.0,21.0,3.1083852719972604,8.001746223752026,107.60834778231457,146.166193719037,199.78878755717403
8.0,3.0,14.0,14.0,24.0,24.0,30.0,34.85400122014142,86.93910600992179,57.60454084550639,35.3883381102015,63.18344851762938
-4.0,1.0,25.0,20.0,22.0,10.0,2.0,113.29103043164494,151.06633315477742,155.36640085227617,88.8132066740357,58.1704709923156
-12.0,-16.0,28.0,13.0,13.0,6.0,31.0,50.43632131333966,167.73527154669065,94.0650774226363,136.77898447939035,44.30841480984569
14.0,-14.0,12.0,27.0,6.0,31.0,12.0,84.79791359469813,79.71450416931063,125.50784895939628,166.21118608318417,35.14985499113901
-12.0,-2.0,16.0,27.0,8.0,9.0,28.0,89.85198235342932,79.03583151913158,2.6404881120813517,5.251565563460936,155.36849165166143
11.0,-4.0,26.0,25.0,5.0,20.0,16.0,190.73171098619068,155.71174198834365,118.80048661489381,86.67078616499646,123.46625045971342
9.0,-8.0,31.0,12.0,33.0,16.0,22.0,193.15962814361575,77.09700258949377,158.18300337181225,130.78527569273635,142.78006405893095
4.0,16.0,5.0,17.0,23.0,2.0,22.0,158.53693800583562,50.42423807865555,48.658715721051294,140.34513286910496,179.35032829071864
-5.0,14.0,25.0,2.0,6.0,18.0,3.0,88.76083019620775,30.212348068419903,189.89332759688241,6.333840727604101,49.82302107533949
-14.0,5.0,5.0,31.0,21.0,4.0,15.0,175.0090158580059,32.18372524107493,139.53059036086523,90.32499387507593,76.60328736456825
-16.0,-12.0,10.0,6.0,5.0,11.0,6.0,93.6431379055408,76.41741502432097,33.78095524280673,67.3767761548195,52.08915883083076
4.0,7.0,22.0,27.0,22.0,15.0,13.0,84.85768290783673,43.86198734953106,156.3368028876026,146.88071086373515,38.71691013198158
-5.0,-5.0,31.0,33.0,24.0,9.0,4.0,96.68349210137292,118.39064243398782,42.548332728401775,161.19712117578138,168.2552453084499
-2.0,15.0,13.0,13.0,33.0,22.0,17.0,74.2401078171693,183.39583911673546,132.77999559596972,32.07509333450056,140.04781876398914
-14.0,4.0,29.0,32.0,15.0,6.0,28.0,31.035819834794466,124.20779375467575,186.97558969211278,33.99486378136039,192.28914858144432
12.0,-8.0,11.0,21.0,27.0,10.0,14.0,83.21783907698948,57.94933967018776,9.317176939882321,138.31684300701187,156.82762782982854
3.0,8.0,11.0,4.0,29.0,23.0,10.0,181.41273262029208,24.338534676698288,71.30240238334633,62.03341468705239,110.72420815620802
3.0,5.0,12.0,19.0,27.0,18.0,19.0,1.4515400218998664,189.1692526435086,32.697954192591226,62.56379481831791,179.64390577285099
-4.0,12.0,11.0,10.0,32.0,29.0,14.0,150.92194102642037,41.35972383491027,86.04608594675169,193.21760088708592,162.53475615169276
6.0,-12.0,29.0,25.0,20.0,5.0,24.0,147.73983838749209,73.77349819637654,92.65669849676279,112.4566004951921,126.56823812847423
-7.0,-12.0,26.0,33.0,18.0,30.0,25.0,190.95717603547465,191.30368947051002,177.71863104364152,198.3997150730314,58.90657551936322
-7.0,15.0,30.0,11.0,7.0,17.0,23.0,135.15202027034655,125.83876627370446,80.10424822426162,104.74357221848776,68.64023913800827
13.0,-9.0,10.0,3.0,12.0,20.0,8.0,76.9361152965288,198.10562249118146,104.01061589383063,1.027592273418132,122.37312881498039
14.0,-10.0,30.0,26.0,25.0,6.0,19.0,51.56166919354632,94.05766645150295,102.19902245944552,83.03808618710873,100.96700766774308
-10.0,0.0,14.0,19.0,16.0,27.0,11.0,133.86332306807032,33.370097379056254,59.676116535446134,35.15717203933324,75.17783031552618
-13.0,-5.0,30.0,20.0,21.0,10.0,28.0,50.092069452478036,44.713697806075395,19.516548174671833,78.40175024215597,54.34761616273984
-6.0,-5.0,6.0,28.0,26.0,16.0,8.0,198.36666045105886,37.48776788357839,74.95688241416039,135.20066907410055,49.62773833813041
14.0,7.0,12.0,17.0,17.0,13.0,26.0,25.7298535939092,95.06715334499192,83.15909775061938,99.14706022829449,57.77895685867247
13.0,-15.0,32.0,10.0,2.0,22.0,16.0,142.05287978355113,5.787631045860042,197.90006041215963,120.21903057823839,175.14240485329765
-14.0,0.0,5.0,11.0,4.0,2.0,11.0,68.65997496257074,143.31673186608757,134.19185512622147,188.03728419707645,45.57281603430346
-7.0,-4.0,21.0,15.0,7.0,16.0,33.0,41.698183683029136,130.94756225893832,90.97824445107699,117.93942072796956,188.95474908695954
9.0,0.0,6.0,28.0,27.0,6.0,3.0,183.40215952221735,123.8629327482167,33.69675021768563,94.6817773902938,129.31609362648416
-16.0,13.0,33.0,4.0,32.0,24.0,8.0,179.33084202900568,67.81930358045578,159.1555580412983,87.99403585553152,60.12476296768268
-5.0,-15.0,11.0,15.0,32.0,12.0,31.0,146.81597268956267,122.4448367367662,146.11086704819857,92.42040907249402,86.87365838885657
16.0,-10.0,20.0,20.0,2.0,2.0,18.0,1.6476242983268996,111.81308935571413,60.035934475216955,137.75318642930975,154.5157370869662
12.0,10.0,19.0,7.0,3.0,3.0,8.0,35.671072529824464,111.85960586472687,177.23591124357623,191.2549945499841,148.82520573787866
-6.0,8.0,29.0,2.0,9.0,23.0,9.0,93.16101441970281,132.57084915738088,127.02286551893427,162.3317464959286,76.31756519231536
10.0,10.0,6.0,31.0,19.0,12.0,13.0,95.9185419147953,1.0260600899079764,71.88460568302901,150.5881482951303,173.75321488635683
-8.0,-5.0,12.0,3.0,20.0,28.0,30.0,1.2964592018919197,151.7799956709628,12.782003283988242,28.755822481308012,77.8562562313994
15.0,4.0,4.0,15.0,7.0,29.0,10.0,20.981375518315247,22.898730146527214,41.571509639497364,22.966838751838846,0.3479209848037401
-3.0,-9.0,9.0,21.0,29.0,27.0,2.0,199.97956420511724,191.55715316931355,81.61275667660976,27.7432347375997,121.82294002215386
-6.0,-9.0,26.0,33.0,17.0,25.0,13.0,155.28150200347423,31.020504550032335,8.613388836641068,4.590402423247353,15.724660324198304
-8.0,8.0,33.0,6.0,31.0,12.0,15.0,6.88970069325805,5.331187300754503,119.1963255416318,48.77713665054415,109.40421157300457
-16.0,11.0,14.0,31.0,3.0,6.0,23.0,13.574832975406848,180.05184773609326,41.693536337370276,11.623634529443505,89.15477464243651
14.0,-13.0,20.0,28.0,33.0,8.0,6.0,145.52638740800222,60.24902417611004,89.38660852852165,14.397846944071425,99.60243440702727
-7.0,13.0,15.0,4.0,8.0,20.0,12.0,80.2524661958806,117.97083005408871,83.86472895570232,150.86120429259725,174.73702145501662
-8.0,-15.0,16.0,3.0,29.0,8.0,24.0,156.45573488424034,138.953242241553,147.2948484673207,30.594149921819835,45.35211692391059
-7.0,-6.0,8.0,7.0,33.0,33.0,3.0,128.9563889953405,172.015691361236,185.77703804165813,67.249550253186,108.77981943467476
8.0,0.0,2.0,13.0,15.0,6.0,7.0,67.71159894089,181.95219801206466,184.48643325026157,94.59411581475752,135.8172943567893
-7.0,11.0,25.0,31.0,25.0,12.0,3.0,109.44134834584243,122.49766475255788,107.20612180276798,187.79650429996676,7.935869879908619
-11.0,6.0,14.0,11.0,25.0,5.0,25.0,145.764721001597,37.08607563616375,12.029437696304335,108.9533329631644,119.97152213387037
6.0,3.0,17.0,23.0,15.0,20.0,25.0,167.03464442101242,196.18469607279582,162.98588211555455,6.74669616378647,69.44534624380812
10.0,7.0,20.0,22.0,17.0,9.0,29.0,0.7335070160982671,196.13075573260653,140.3279997203005,132.21381931372548,158.7912828580337
5.0,11.0,12.0,24.0,4.0,9.0,9.0,94.89368050174987,23.617717323236143,24.75671150813379,197.9430091296359,143.65477597229946
-12.0,6.0,28.0,32.0,26.0,17.0,31.0,111.2311591477852,172.73622558815552,194.74117099945397,194.82633902671728,105.65864754188756
-9.0,-6.0,25.0,28.0,6.0,21.0,15.0,107.14391385488966,133.0041992401239,20.53186672085088,114.12494277753737,134.81231072329888
4.0,1.0,14.0,23.0,16.0,13.0,11.0,9.567649631059783,169.76644174869796,163.10127889965804,8.019383984293228,192.23463450154438
15.0,9.0,28.0,27.0,17.0,8.0,2.0,15.851834527018415,111.35912472262035,91.08036581341119,196.83164956079003,187.75630083308778
10.0,13.0,12.0,16.0,32.0,20.0,24.0,132.38630037087623,28.604771042343536,38.493200811113695,166.90269276076674,62.538828142136204
9.0,16.0,12.0,8.0,4.0,31.0,22.0,14.504538258400812,26.26501212560326,18.96179086622103,189.5845443996626,195.9866783828859
-16.0,3.0,32.0,4.0,2.0,24.0,7.0,151.88075776459146,41.322277295567055,112.71380868004772,147.67938310850028,10.98485474456865
11.0,5.0,29.0,9.0,19.0,28.0,29.0,168.38375116130874,83.23496271960747,116.54760405962787,81.69243359212635,121.03203213771563
11.0,-15.0,14.0,25.0,18.0,5.0,14.0,113.49180928036431,60.030083173481486,48.15174271331672,176.35487598597084,71.2236728816076
-2.0,-12.0,27.0,14.0,33.0,14.0,29.0,42.925422304730645,170.98483772612164,67.47848563285575,13.936204320898216,10.272072405311295
9.0,5.0,2.0,7.0,28.0,16.0,33.0,56.83539978144929,22.878270460795203,135.87030795122615,145.818075045626,95.33116955691732
-8.0,2.0,8.0,17.0,25.0,18.0,19.0,38.19980008093427,176.61081112747567,162.7631821853241,38.596482606242134,57.054085027002955
12.0,8.0,21.0,33.0,18.0,23.0,6.0,62.422102315958995,32.906466365744414,4.997411047534861,20.044213564723968,26.691377765474144
-14.0,2.0,22.0,5.0,26.0,7.0,30.0,137.30586468547094,161.56779323335778,127.68559180056836,175.8920020654247,10.83887469103515
-7.0,-4.0,26.0,18.0,10.0,20.0,2.0,77.304035278048,37.9193213646426,62.9023192293765,189.7342455369319,85.19509727747574
5.0,11.0,25.0,16.0,6.0,17.0,4.0,129.06191649410923,41.70698945503772,22.73041407007803,141.2021871706069,14.362512209615353
-2.0,15.0,4.0,21.0,15.0,4.0,5.0,127.41212327793254,133.4641560400604,193.92890818424996,166.7501025783228,86.33941950703962
13.0,-12.0,22.0,16.0,2.0,3.0,6.0,51.45510897788339,73.91180244277606,84.92235250796169,37.08698650539966,173.83379104919007
-6.0,-7.0,28.0,13.0,31.0,29.0,17.0,0.47004921228823715,76.35187954219442,81.04913869286659,192.8854720652731,35.96096543398646
13.0,-1.0,25.0,14.0,11.0,21.0,15.0,86.81942822602997,164.68557735544147,78.90431025706425,23.054551981560635,163.51558604030507
-15.0,8.0,31.0,30.0,10.0,6.0,21.0,32.24329383785989,120.02583418898587,125.96377249262778,188.55305639465197,38.03544996313191
16.0,-12.0,21.0,8.0,19.0,33.0,4.0,193.1866805330191,19.4047600479442,69.5311985587425,100.11456160701447,150.42735785716744
2.0,14.0,31.0,15.0,4.0,19.0,19.0,147.9004409299252,74.43107603438668,63.82964376408129,175.60772694296594,179.04365871401262
4.0,-12.0,31.0,10.0,31.0,9.0,15.0,138.09580043825324,196.14371655257438,59.582279725677445,60.498424222650506,20.822858687328207
0.0,4.0,24.0,31.0,33.0,31.0,12.0,50.62217724514528,164.2445604535364,122.29195312035046,130.83098216110778,183.32274375182038
3.0,1.0,29.0,31.0,31.0,29.0,29.0,147.59345673293987,110.98068404642267,106.40013312284471,96.9079091955942,8.123638724149762
14.0,1.0,16.0,10.0,28.0,30.0,23.0,180.43833301044785,169.5388311147631,43.91066003937492,38.220285696344035,118.93976099789909
15.0,1.0,17.0,4.0,25.0,21.0,31.0,51.44325880805811,103.34635666936158,130.60592166317423,0.41888507783445217,70.67578624804831
-12.0,-9.0,27.0,33.0,28.0,2.0,29.0,114.04932950962147,124.9750140463493,86.85705094140974,90.93962606748696,199.53964730491907
14.0,6.0,13.0,28.0,15.0,30.0,6.0,41.10353300599121,149.28223577933431,90.43140799698519,156.6970424871301,0.9176608295835109
-3.0,-12.0,16.0,13.0,14.0,28.0,30.0,38.71594237537934,45.35479268424829,4.460813268720387,57.735728065804025,2.272935436445822
6.0,3.0,12.0,10.0,16.0,10.0,14.0,83.68420925001135,10.179811545694427,92.78968316033689,50.86747281838364,106.43063544691931
-6.0,-12.0,11.0,5.0,22.0,11.0,33.0,23.67644665484736,78.77739983005247,195.92552372699953,111.87554786243076,155.26259256381744
9.0,5.0,10.0,5.0,6.0,11.0,5.0,15.439414046109201,131.87212742938797,74.997353289602,53.230962411591065,0.8172561232039799
-16.0,16.0,10.0,19.0,4.0,31.0,30.0,88.67032224005342,175.7365332023143,116.97729471536942,28.960371038407274,85.0683187364927
3.0,-14.0,11.0,3.0,9.0,6.0,14.0,199.8917326049272,72.64925080154501,30.941748679894165,160.7636724810049,193.6053500552173
-11.0,15.0,7.0,2.0,5.0,21.0,4.0,144.3939617600338,180.87531715459775,184.01857444476207,138.67471101415242,92.91739618714368
11.0,-1.0,25.0,33.0,14.0,31.0,21.0,167.64243863170395,83.64620308882003,2.6578716202885655,5.146677798413313,113.34737784563626
-3.0,12.0,18.0,32.0,25.0,22.0,19.0,12.049144914092924,23.921197154050432,17.986093461605957,73.88768265575625,38.161468962138144
-10.0,7.0,4.0,17.0,8.0,16.0,16.0,22.842676756871704,79.0616259506501,61.45620803446179,112.90423451720761,158.69374050458796
-11.0,-8.0,9.0,23.0,3.0,3.0,17.0,38.686861018095506,171.05502167071364,6.869397713489178,43.846277108829,192.02854096444315
9.0,4.0,24.0,33.0,16.0,11.0,31.0,185.53135644905754,110.89277604051746,118.80197358778486,171.00986659078745,177.68927022162316
-14.0,7.0,30.0,26.0,14.0,28.0,26.0,171.65767029427604,34.357351164806495,187.9144121310808,74.18014431559945,74.34265729877687
9.0,10.0,27.0,25.0,2.0,7.0,21.0,3.979232416277978,146.2785156492138,153.77017273568356,177.21795741966017,20.19167574083074
0.0,-16.0,8.0,12.0,23.0,12.0,2.0,87.9204558772963,195.1631287467963,94.62383666962333,85.4486904969616,83.85351019911728
7.0,-13.0,30.0,12.0,25.0,30.0,14.0,79.27257821609295,125.26884788299131,16.99390561070484,14.403333522161056,194.98183297505312
3.0,13.0,28.0,10.0,3.0,23.0,9.0,191.26606827545905,148.73903930512944,108.23455426146226,86.4270386051401,138.57530207472422
-14.0,16.0,16.0,7.0,5.0,9.0,27.0,126.66780904415857,3.8681966921493727,57.66088880382567,123.74243601262849,129.45188838853446
-5.0,-4.0,25.0,25.0,25.0,14.0,11.0,50.763443572539124,133.56811702274717,155.76654363048698,169.2356001079718,178.48756278126038
-8.0,-4.0,2.0,20.0,18.0,20.0,29.0,163.7712775655046,13.06814796759934,109.60494077080858,49.60395716279229,178.41424811879648
-14.0,14.0,5.0,24.0,13.0,7.0,29.0,23.523617897986405,17.747951690545637,42.228568289716705,90.86190819702469,51.13103160430781
2.0,-15.0,28.0,33.0,17.0,18.0,19.0,46.49618564356701,2.5293153128312262,188.06839432435603,198.78013251307195,155.59714520302933
-10.0,16.0,30.0,31.0,30.0,24.0,2.0,170.74365724405365,139.63290224327082,79.1003797780402,72.5136927108937,42.124398762693424
13.0,-9.0,11.0,20.0,2.0,24.0,15.0,94.30696090913774,99.55632602968151,9.102570006850774,194.1280090326961,100.98495358700164
-6.0,-11.0,15.0,23.0,32.0,10.0,22.0,68.48370973559715,130.64129687899475,189.53758906383396,116.70003171337184,189.14914413526554
5.0,-13.0,6.0,31.0,3.0,23.0,21.0,39.47100320029953,5.11332716343893,158.69935030105526,16.37989722217639,23.10805817457706
-12.0,-10.0,17.0,21.0,10.0,10.0,7.0,53.571853647659815,24.839572290103206,111.7216552881231,73.55162853334838,97.9043756127701
-9.0,-3.0,18.0,28.0,15.0,14.0,24.0,130.0534145253152,44.52894008694612,79.07121608533525,193.07196883583256,154.32457742691128
15.0,2.0,27.0,8.0,21.0,24.0,33.0,173.13415367824572,0.1905154709449075,56.68405323385479,171.61083801430078,192.85935034622997
16.0,-16.0,16.0,2.0,17.0,17.0,4.0,157.81557892191088,23.64722678261515,28.68865124541844,53.348298327744615,26.858942914709626
-12.0,15.0,33.0,24.0,30.0,29.0,5.0,0.19546962572611903,74.64260940174708,34.336894432386586,149.82609717800256,135.9362488872523
-6.0,11.0,13.0,28.0,28.0,26.0,4.0,40.16170366030547,115.9663086775928,168.5648210103013,174.72086725544017,7.374765111801462
6.0,2.0,28.0,11.0,12.0,9.0,22.0,91.54761908542366,116.22657091169486,7.3906890866549,163.57363328562428,21.352963598718965
-6.0,-11.0,18.0,25.0,11.0,23.0,15.0,116.14054114357776,59.93593679198683,112.13206879033682,198.51674050406154,108.54870127803964
12.0,-16.0,14.0,10.0,18.0,14.0,14.0,140.63926366306194,24.089020061370125,81.81435179573204,68.42058269446302,52.62854053307156
-1.0,-16.0,15.0,20.0,30.0,26.0,31.0,62.42075003075826,1.9543672131291823,195.69723409470808,75.8065180636814,184.3938372905166
15.0,6.0,14.0,12.0,27.0,7.0,25.0,139.4611944511322,63.827492649089024,41.23089240694113,6.617030518804934,78.37626263225333
-15.0,6.0,4.0,5.0,3.0,5.0,21.0,34.787254923774505,104.8182282053743,158.82751656121647,64.41697666338145,68.51895485280043
-16.0,-10.0,31.0,12.0,6.0,12.0,31.0,83.00716867504772,48.38905302876056,154.0328336291971,32.48838061827064,152.54082438342712
2.0,8.0,10.0,28.0,25.0,10.0,8.0,45.63732238632063,0.2670144136221131,174.81679127215997,178.28019710498356,36.3233284727871
-3.0,4.0,19.0,8.0,11.0,22.0,22.0,28.71596395534366,141.83979349690594,156.8379268151463,45.51105195435294,13.079457639722293
-8.0,2.0,5.0,22.0,23.0,20.0,3.0,14.055068333380149,19.598740001598735,167.9070577869621,153.7401642883706,133.2641055714798
15.0,1.0,14.0,6.0,29.0,14.0,2.0,196.309342207444,101.26993287278285,177.03114892764373,108.90558796639075,162.5921889292924
12.0,10.0,16.0,3.0,11.0,10.0,4.0,199.33698824531356,40.106924153145386,123.9058874322122,152.30100984388238,150.28905199870235
6.0,11.0,7.0,23.0,25.0,10.0,5.0,178.34027603494619,33.7001759931252,6.331987847754061,173.25498590209415,31.09426857796136
-6.0,5.0,3.0,7.0,24.0,28.0,17.0,150.13913797809744,167.64630506019625,61.25603617906139,25.71869003584597,16.55731752706111
16.0,-1.0,27.0,21.0,10.0,17.0,17.0,135.92437224278618,154.2551249840992,177.14763484713484,94.34254078092776,128.36771998019353
-10.0,-13.0,33.0,21.0,25.0,25.0,8.0,193.50978012297267,43.120475479440245,59.85527575567051,49.53002283500798,125.41956643656229
-9.0,1.0,27.0,11.0,16.0,32.0,15.0,187.75415528725404,39.76002362798204,18.321830615179778,123.39661070127733,145.5224158955072
14.0,-8.0,12.0,12.0,7.0,31.0,8.0,23.457348951994362,29.94145041129679,154.84189770450962,116.1499564067935,88.658790484894
-7.0,4.0,24.0,3.0,10.0,28.0,11.0,75.12756767497899,43.21659862242782,192.38924342567964,162.33973626048692,43.56061127717077
13.0,-7.0,27.0,18.0,10.0,26.0,23.0,59.98405076018709,38.65797800071908,143.88433788379447,195.00867247297563,121.28539237875142
-15.0,7.0,20.0,21.0,21.0,22.0,25.0,193.77473774821394,176.72748426870086,19.131161206331715,10.334687152005007,124.7650782792005
11.0,14.0,16.0,13.0,13.0,23.0,24.0,47.54592205308694,55.235237253787275,132.2697258786282,86.08355706186394,189.77323150029918
-15.0,8.0,16.0,15.0,33.0,30.0,2.0,91.10794273050342,125.74206754083588,164.28746451562682,34.6741015810333,124.47077613306246
9.0,-9.0,23.0,3.0,12.0,20.0,17.0,86.78528024782763,144.3974054097975,34.15044261163076,161.45202699019632,20.61581880262637
9.0,-6.0,18.0,24.0,32.0,21.0,22.0,182.32526412515293,1.0360528876540709,120.10337148599986,197.52488923042014,25.561770533620965
15.0,11.0,11.0,30.0,21.0,26.0,25.0,27.87321811010095,39.14454330515602,6.8110555130884265,92.08389064131453,158.35247839747993
-2.0,-9.0,32.0,27.0,20.0,18.0,25.0,150.59448450281948,183.85216608178374,183.9668182480564,82.73312633756449,43.375401745840556
-5.0,14.0,26.0,19.0,3.0,15.0,11.0,53.8700778371141,122.198695924355,130.36769699225482,131.37503853819015,92.32419474094328
0.0,-9.0,2.0,9.0,26.0,15.0,33.0,3.840686994852427,156.92342555665508,114.56591651082869,131.86742286592784,162.04625539370798
16.0,-13.0,32.0,2.0,21.0,18.0,14.0,95.14441654155948,134.58294409863564,154.8459514641327,52.1268571954933,139.7375622493012
-7.0,16.0,31.0,19.0,32.0,21.0,17.0,128.11592551533073,127.35147393448575,176.29043456309893,95.17036888967085,196.47543757760343
-7.0,16.0,2.0,8.0,25.0,28.0,27.0,169.8591516683283,166.912750234322,150.4640216480581,76.71050160739925,157.86897656633428
13.0,-3.0,2.0,21.0,4.0,18.0,4.0,131.80631441581252,180.30460143768548,106.82137646005003,87.30697327486357,77.58103827116358
-7.0,-9.0,12.0,31.0,4.0,22.0,16.0,178.56277203613357,193.35244363304898,174.46362726378194,88.78752216748187,141.36676279272118
4.0,-10.0,17.0,16.0,26.0,4.0,27.0,9.718874424175805,44.661592368663825,15.171404478805407,97.95550794038735,133.16565459560238
4.0,-11.0,8.0,23.0,22.0,8.0,20.0,22.475611590822098,91.45814178470731,119.20596060840631,99.47821459491233,36.42071352862013
10.0,1.0,6.0,6.0,20.0,21.0,2.0,124.58102214795106,22.405660168978315,193.06107627071952,180.3797894458399,93.48120612963045
9.0,3.0,10.0,17.0,5.0,18.0,32.0,187.2258915891967,145.46991618593785,91.88226774960656,47.08350049190118,140.72410022972522
13.0,-4.0,13.0,15.0,31.0,7.0,17.0,0.029963423050238802,25.975170521147326,160.41849330146803,133.02594149733434,45.02482580584994
-9.0,15.0,17.0,23.0,31.0,30.0,32.0,82.06630946342221,112.53000861948348,92.76580097330537,34.013656221478314,168.77949454382787
-1.0,-11.0,26.0,10.0,14.0,13.0,14.0,147.21286592105307,157.6068978536428,37.09481529375329,1.080716608637089,28.901771245965023
3.0,-7.0,5.0,19.0,16.0,17.0,29.0,176.12720333079875,155.24282635705313,129.23706373636026,154.32134416839526,86.00874715103302
-7.0,-3.0,3.0,15.0,31.0,2.0,22.0,31.687138760319456,155.37106236368567,152.04418772447863,157.10701231643756,9.19577306110606
-8.0,16.0,16.0,4.0,20.0,18.0,29.0,70.01531926989193,125.79056369535304,170.74758527709645,100.28107581049571,108.47544006152887
15.0,16.0,18.0,9.0,20.0,12.0,16.0,38.794832925982845,87.94622058447428,84.778731650236,176.80856178284898,133.74406822887397
-8.0,3.0,25.0,5.0,2.0,30.0,21.0,126.30475834121326,78.53752648848982,192.45782580475012,43.40744676365975,184.1674470991241
-7.0,11.0,9.0,16.0,3.0,22.0,30.0,145.61949420901476,33.81614834927107,125.86731224667567,135.7822996804135,156.08122616007645
-11.0,8.0,5.0,22.0,10.0,20.0,29.0,6.10736180793181,127.60058977645383,183.49129037596907,105.23160517730821,82.43510981286502
-15.0,11.0,5.0,6.0,21.0,24.0,12.0,34.891671135958546,88.33570094277043,142.2746244667485,146.28674327495318,173.15477656754493
-7.0,16.0,30.0,19.0,4.0,15.0,13.0,137.99654617770497,123.76224281674513,32.321707613060454,193.7723978601075,121.80315198765595
-3.0,4.0,7.0,29.0,23.0,18.0,33.0,144.40397372617463,122.94733595011489,138.3835018074435,192.16058250980376,75.33432377552917
-4.0,7.0,6.0,3.0,16.0,18.0,33.0,151.2736215021822,127.55048114997636,18.6152592232135,170.77189615826975,183.49046224928972
10.0,-4.0,28.0,24.0,22.0,32.0,13.0,163.8509147269915,71.84740635385467,159.43188158707835,98.7558942659021,7.303363278556474
-3.0,1.0,2.0,32.0,15.0,27.0,15.0,108.32866314233056,3.73481172792709,18.806910457486815,109.25509248854863,196.34857764853612
10.0,1.0,23.0,18.0,26.0,29.0,17.0,146.5931209497224,41.209121941493486,153.74657366362618,75.69062423477367,177.42179182104329
5.0,0.0,15.0,22.0,4.0,32.0,19.0,0.8636032268920513,185.64071663702094,48.3702636176299,129.9615751418467,142.47382312210974
12.0,-10.0,30.0,13.0,8.0,21.0,30.0,140.14323264229486,98.30326597713078,70.23086867959212,69.92375573532527,150.40742290066277
-1.0,-3.0,24.0,26.0,24.0,18.0,11.0,9.395560589495311,134.83605037586653,95.80874784454055,61.85060106383855,86.48974943469976
16.0,-2.0,15.0,21.0,4.0,32.0,3.0,160.16654925093616,71.61453793632234,86.19377830111463,75.0502118390346,178.07285173754963
14.0,-15.0,29.0,9.0,31.0,33.0,4.0,88.51857348073094,44.21795285825423,6.391406596285876,125.69794554190527,131.67115957690638
3.0,-2.0,12.0,28.0,21.0,8.0,20.0,115.75532704766,56.538946691086764,17.24989562157404,81.5090197256119,29.546300898777254
-3.0,-15.0,16.0,4.0,20.0,24.0,3.0,42.73614526954654,116.0688721024661,127.3871308406595,24.788535596999584,188.1963608774349
9.0,-10.0,7.0,31.0,9.0,21.0,25.0,139.26963222202596,126.68821258008956,66.84792592354351,14.102381715302625,110.41477393853026
-1.0,-14.0,11.0,26.0,13.0,4.0,31.0,43.689544052828325,58.22985862369707,19.672282866615177,163.20767826200787,156.96228734840187
0.0,-15.0,14.0,32.0,17.0,29.0,14.0,159.09634432524527,179.55981493289372,58.66032274525486,39.41945037399186,187.20125811070005
0.0,-11.0,18.0,19.0,5.0,17.0,25.0,1.1503366353819322,162.57323416498528,39.86573486088651,124.77506329912099,79.04989543491456
4.0,15.0,18.0,23.0,2.0,28.0,14.0,12.75822784350742,38.82713333788623,77.84624319463957,120.76900983938854,130.44207130959907
-11.0,8.0,30.0,11.0,26.0,28.0,12.0,161.4870892099643,169.7380785364942,129.37170190991853,27.757697259085923,150.16570831943704
1.0,-16.0,20.0,22.0,17.0,8.0,29.0,148.52151143858853,172.03046610262447,127.39908740879106,82.97575605249166,38.89550855709878
12.0,-11.0,11.0,15.0,20.0,33.0,21.0,138.63420885618575,56.833674653833334,155.33643880226236,72.18824684158885,189.1826967585503
16.0,-7.0,23.0,32.0,29.0,19.0,29.0,40.03067120074781,88.49219420394286,110.14649490919544,175.9507940170539,184.04920128122123
12.0,11.0,18.0,27.0,13.0,2.0,19.0,123.14990223863657,190.20429537828085,80.37643489799977,191.16044674804706,99.7530564582449
6.0,4.0,4.0,21.0,25.0,28.0,29.0,38.247766019813234,121.63147509819969,96.26642083494555,19.015186099284943,45.53577400620152
-9.0,16.0,27.0,26.0,16.0,26.0,25.0,143.74347726819485,16.7627815887148,117.83556109745568,20.494387381179724,37.62321368009995
10.0,16.0,25.0,22.0,27.0,13.0,22.0,113.73389911071763,84.67942776024611,13.718323492415706,126.923775018823,163.7896528187057
10.0,7.0,26.0,24.0,22.0,3.0,31.0,31.64310072525449,124.95543141813974,187.24625070384383,4.69877477780567,143.03055558253374
9.0,3.0,28.0,4.0,32.0,19.0,9.0,130.9831254381463,126.45620345180211,52.37157938374006,144.5397353484889,115.03455710620307
-16.0,-11.0,2.0,16.0,27.0,28.0,19.0,107.31563614545698,152.75388909717933,78.74419750574857,65.53932623878825,44.051152373569735
15.0,14.0,2.0,32.0,24.0,28.0,13.0,189.5181337639091,25.70272104794644,166.65191838862972,42.797793407104365,138.96943987569475
0.0,5.0,25.0,8.0,6.0,15.0,7.0,59.33831946611217,30.202041880694907,96.04426359829881,127.93390302923058,194.90104533907703
-13.0,0.0,16.0,30.0,16.0,16.0,20.0,43.97810413043732,143.4612241548804,171.88951958359996,54.731297208184195,185.20538848426548
9.0,5.0,29.0,23.0,29.0,27.0,18.0,107.05986665578155,165.5889311976757,157.98211591005293,10.161660092900803,198.132239051254
9.0,15.0,22.0,8.0,18.0,26.0,10.0,180.0163551908454,87.18299615981158,3.6913440875201875,108.08459589455393,12.44249365533161
2.0,16.0,6.0,22.0,32.0,16.0,3.0,195.32414741633323,146.5558897890419,112.50390323863999,153.73977645097688,48.935037605273244
-1.0,9.0,23.0,21.0,27.0,22.0,20.0,165.27757922855503,166.43943598607558,115.52648052827283,73.27023105728074,163.72604634028784
8.0,1.0,20.0,18.0,27.0,2.0,18.0,6.08700186082507,103.94778962802,181.6458896727132,102.87809070464509,24.897708598336198
-3.0,-15.0,29.0,29.0,21.0,16.0,29.0,171.66110600113916,102.3257008711177,102.5162577151988,16.114101351065525,41.64288019982574
14.0,-9.0,13.0,2.0,31.0,20.0,3.0,126.34501742038098,99.51972305595487,60.88862505359862,44.85866033115145,23.034440435815217
-13.0,6.0,32.0,31.0,29.0,23.0,27.0,186.3092608243789,89.26574170673175,149.9890357745882,113.44932132813533,183.6375110253686
1.0,-11.0,14.0,11.0,27.0,2.0,29.0,134.09436420376323,107.35969655769169,110.9155251306134,151.8093168006552,90.18191865685618
12.0,-7.0,30.0,21.0,19.0,29.0,28.0,195.11193999574468,92.20249230964903,176.90999956362015,57.86280218874771,169.01008551439867
-7.0,-9.0,16.0,31.0,10.0,24.0,21.0,120.85663965920301,94.5338069971046,125.56879922180005,27.029466771642685,55.393379520559336
6.0,-6.0,15.0,20.0,24.0,30.0,12.0,89.92153825322706,55.966898788314204,26.69456486686743,102.0089386240551,167.27217033920368
-6.0,-3.0,14.0,2.0,25.0,19.0,23.0,69.28693724833312,159.6008785664615,146.3285826222194,69.54267985649709,127.49559406392368
0.0,-5.0,5.0,14.0,12.0,4.0,31.0,114.07195013480616,155.85324882785022,143.3845420756374,8.692682691127352,159.9993302292851
-5.0,4.0,27.0,2.0,10.0,15.0,29.0,4.690131661750829,178.82849722866496,32.33910551559751,65.22951822228747,141.35903553595165
8.0,-10.0,19.0,7.0,24.0,21.0,24.0,66.68256087692362,90.87057910962662,135.87546582835108,4.4364206417395025,94.93909012189646
9.0,-16.0,8.0,27.0,25.0,20.0,24.0,193.4545734336082,76.69151639107127,85.9665580058911,62.88246991579902,122.56157698825241
7.0,-12.0,30.0,13.0,28.0,2.0,13.0,4.870558181158313,100.22108106611891,181.95095672597031,127.15176545748652,97.70944291150919
12.0,-7.0,3.0,13.0,10.0,11.0,4.0,157.74260278299346,70.66870966377859,26.482429463126287,169.93189516416163,149.48533633916514
-3.0,-10.0,17.0,18.0,11.0,33.0,30.0,74.68779319149765,49.72549388297338,48.1997117618856,198.69349022807003,47.350568555027216
-4.0,-11.0,16.0,25.0,17.0,18.0,33.0,15.552875693013224,59.139538575735685,170.06498320329845,91.58091315877328,117.01013592164561
-1.0,1.0,10.0,27.0,9.0,22.0,30.0,102.37945736370007,191.75546885542272,16.072337268316737,116.03024090223127,90.85719691411728
-3.0,1.0,8.0,26.0,6.0,14.0,21.0,88.8192451278115,10.951086499058448,106.83727665956184,148.60557451646065,118.55328703255665
4.0,-9.0,29.0,2.0,3.0,9.0,21.0,128.823755230809,128.60656655717167,195.32031191446316,173.98380515233706,22.381393156745013
-10.0,13.0,13.0,19.0,31.0,12.0,3.0,56.656715594345286,41.01195911673725,174.7955883926046,122.00869569665626,143.29061548136633
15.0,5.0,12.0,30.0,21.0,9.0,18.0,109.54657868102413,136.33020311527605,45.591963783079834,115.40751647879324,0.13069744980391818
-15.0,2.0,29.0,16.0,32.0,22.0,25.0,125.04965109623521,159.00731990655376,33.98016976876801,35.20922268095601,122.41020953790583
-16.0,8.0,7.0,3.0,16.0,9.0,14.0,25.998867288924398,80.90127044124328,192.76126792409283,34.921199724854276,29.81009096215732
10.0,4.0,21.0,6.0,19.0,9.0,7.0,144.7654732259538,12.182090456618466,124.76285185192886,73.37487061278512,159.94331574274113
-14.0,-8.0,5.0,32.0,33.0,14.0,22.0,86.72837180617738,144.09978457260948,126.89041617555287,33.225951684527914,191.58067576146217
-10.0,-9.0,32.0,26.0,8.0,4.0,12.0,34.87130522918418,173.58694308274693,48.686993309652735,46.92553130417183,146.6407910921901
-6.0,2.0,14.0,26.0,16.0,23.0,28.0,39.112101096532626,100.27762621485459,101.584252717077,120.87085354176827,108.76578822688296
5.0,-10.0,3.0,11.0,24.0,6.0,2.0,157.2690288068544,106.22927955782282,22.400091594635985,99.28801386096957,80.95250542599872
8.0,9.0,27.0,30.0,30.0,6.0,25.0,119.74343435581783,84.28450356406572,198.3454011083205,58.98830481372621,164.70004085487585
-6.0,4.0,11.0,27.0,15.0,2.0,32.0,97.20950084311085,194.92941735271953,76.80009251570992,95.83637887401008,122.60194782895786
-11.0,9.0,13.0,27.0,25.0,25.0,33.0,74.24652015442095,108.41319476950974,129.60700777680634,32.895776368681105,143.9882373270266
12.0,-6.0,18.0,33.0,27.0,29.0,20.0,110.80884074819465,164.48485254107007,154.69769694376697,143.02693719229387,103.42321457345847
12.0,-13.0,14.0,4.0,19.0,25.0,32.0,83.31378136498195,138.24865408296074,105.91400112803926,9.19688425172418,186.6764930633346
2.0,-3.0,26.0,22.0,18.0,26.0,31.0,86.07609276570065,41.07494701433645,51.25485092672726,119.71489492990759,116.81452130255192
-3.0,6.0,21.0,30.0,8.0,18.0,6.0,58.5454205576579,120.49928386342685,40.564715211770896,70.12435889022458,70.08721469710797
-14.0,3.0,28.0,3.0,29.0,28.0,7.0,116.89141301412135,29.486666905659376,174.60456549231668,167.2398290082911,55.26617334340263
8.0,-6.0,32.0,3.0,17.0,6.0,32.0,9.235968514416637,14.64303790941277,57.813547412574366,14.572641408200493,126.79164368967714
11.0,13.0,29.0,11.0,6.0,14.0,21.0,182.49681862103222,156.4030022819893,90.99871114665403,144.39797366408555,71.45989257976318
-16.0,8.0,26.0,10.0,3.0,28.0,11.0,90.80152731813476,89.81721737039314,86.64407632196162,129.19365982352258,75.16762520815521
-3.0,9.0,26.0,7.0,19.0,21.0,18.0,21.018617826790553,43.48711603325004,81.6541145357948,34.18458546304506,42.28539789212131
-9.0,-1.0,14.0,13.0,25.0,14.0,9.0,7.4066400402347465,146.17593091101796,79.54509666909664,62.25103060979102,2.779825345000142
-7.0,-16.0,32.0,33.0,30.0,18.0,15.0,85.2287073550561,85.33864764720114,54.798169546732154,127.14345967380136,103.90167766041316
-13.0,14.0,18.0,30.0,7.0,13.0,5.0,107.1569863972873,172.83043993922408,179.02110226196405,56.805862031947065,19.609189547256122
6.0,-1.0,4.0,8.0,20.0,24.0,21.0,2.36876646282258,53.08062036068024,33.42624053946723,106.06321855147141,62.961075264182156
-12.0,9.0,26.0,25.0,26.0,13.0,25.0,30.46586264035629,150.13372893768457,157.9109242313961,69.2515998172976,40.67588560980751
-15.0,-9.0,18.0,15.0,2.0,23.0,31.0,101.79228704131178,113.14871124542283,103.67106558099132,156.8469587383271,56.003429485746146
-7.0,2.0,24.0,9.0,23.0,30.0,31.0,196.17135183715035,140.10240242421634,111.2892736595691,187.26935419931385,183.4944957379965
-12.0,-15.0,28.0,13.0,10.0,23.0,20.0,7.443327588231741,63.26229758604873,112.95727664763567,81.98435008912588,50.39611722710764
0.0,2.0,10.0,21.0,10.0,15.0,2.0,83.9799321270482,116.64385729300307,91.39325776281053,70.90392819856304,165.79517431266024
-10.0,6.0,16.0,8.0,21.0,24.0,20.0,88.00104141633021,84.23224703998574,48.04402925614553,153.1707825507328,178.34476621233048
-2.0,10.0,4.0,17.0,8.0,3.0,10.0,149.86959216451427,5.681005194068844,109.58652364000936,40.17690258750921,104.25110385025509
11.0,6.0,13.0,25.0,19.0,26.0,19.0,147.27599652686763,50.143294523432466,11.376056154013959,99.66847279775189,58.66431064075024
6.0,2.0,28.0,32.0,3.0,33.0,21.0,51.14574274665169,93.22305541096787,183.7614988830653,115.61430390102541,169.40817197078073
-4.0,0.0,32.0,8.0,10.0,30.0,25.0,191.17905001748267,5.208658665274446,162.83994317628066,130.31584268055246,130.9187868624637
3.0,9.0,12.0,10.0,13.0,12.0,12.0,129.92066367721685,118.44926618274971,172.98709060546904,48.31087109997376,190.40364303859053
-11.0,-1.0,15.0,16.0,25.0,24.0,28.0,42.355704665979445,3.57714848625017,159.35741579227746,115.60954339120282,124.19120782531496
-5.0,16.0,5.0,31.0,25.0,32.0,14.0,46.423987760001204,124.20711439478951,44.61043127751951,48.87841002153317,65.15972762860207
-10.0,-9.0,32.0,8.0,21.0,11.0,8.0,2.3496459847828,157.98932165115386,65.14296262605784,101.55031807380557,134.81635905062305
-10.0,-6.0,19.0,29.0,11.0,3.0,21.0,60.89278284862205,142.62241339029526,107.46203891108144,125.39988528808254,18.293004754303087
1.0,-8.0,25.0,29.0,7.0,3.0,30.0,133.58746841913577,109.3341305334497,71.60959675508568,6.290796020075762,151.66629110901104
-16.0,-1.0,30.0,30.0,18.0,31.0,7.0,199.18770442972487,160.56577671337294,5.3488766854767,72.10179733152896,143.58926292681733
-9.0,-2.0,21.0,13.0,32.0,8.0,31.0,153.4969877028503,120.73475352207714,156.50891936406555,196.0177596620139,132.50285226869488
14.0,-12.0,22.0,8.0,18.0,8.0,20.0,190.0713827469949,122.24296358555837,186.39755049129843,116.21663752717657,142.46160586166627
9.0,-9.0,3.0,24.0,11.0,20.0,3.0,30.14662776314758,173.68304253020256,153.58856030107623,37.940379453230236,130.56874303882248
0.0,9.0,30.0,33.0,5.0,33.0,24.0,53.49637970039473,20.56105975149176,178.8256796399079,66.67139857113979,185.91034076520424
-16.0,12.0,26.0,11.0,7.0,8.0,25.0,152.42059625866125,24.356195020692418,150.43835194895175,149.33519522481564,29.936508021095243
2.0,-16.0,30.0,18.0,7.0,7.0,13.0,176.0771127823771,41.74690714063543,91.67413898436001,24.941639010232876,33.20402617104288
-11.0,-5.0,8.0,31.0,13.0,9.0,14.0,114.37988032507486,87.33614022389027,118.00683684162223,58.13068937307631,58.9651351565847
-2.0,-10.0,28.0,18.0,5.0,9.0,30.0,195.6302256139364,100.99959495556999,191.1565488238565,171.69727006784314,124.39323374703702
-6.0,8.0,17.0,7.0,27.0,29.0,19.0,74.86669091003657,85.57259590550264,39.42410273701762,107.7427763197987,194.40836924370552
-3.0,16.0,29.0,30.0,31.0,6.0,7.0,85.66297053045871,168.8040368457328,190.4378936683053,56.82445900325159,57.03998609134189
13.0,1.0,16.0,32.0,7.0,31.0,17.0,137.93809273194725,70.68652524468204,26.42643550217889,0.16350613118947255,71.04061500834351
7.0,-16.0,12.0,11.0,17.0,20.0,3.0,141.9854340483403,47.783607379438166,35.826052629063156,140.67622915727534,75.73044920218781
-13.0,2.0,7.0,31.0,21.0,18.0,25.0,25.38584702510045,109.14790287173443,94.56060497356309,180.6325594090564,34.971715941093166
16.0,13.0,21.0,22.0,3.0,33.0,25.0,125.98705973551701,160.19498102420303,44.20457448400976,82.03355564000634,57.28779184906807
-6.0,-10.0,25.0,2.0,6.0,31.0,20.0,99.97828834369554,102.68260680538847,23.69661102198939,96.08109137178518,116.98950862397129
8.0,15.0,29.0,4.0,29.0,25.0,16.0,195.72382154528182,176.94228072328292,124.10358243718504,46.419496876802754,27.88656605360518
15.0,9.0,31.0,19.0,32.0,29.0,14.0,163.5243026946379,65.84687361219339,175.1838175874546,60.105168250934724,91.95966382601041
3.0,6.0,21.0,11.0,21.0,27.0,9.0,94.21170492286375,53.78752712724337,104.4618052267452,6.618163415121847,136.14753838335224
-7.0,6.0,12.0,20.0,8.0,2.0,7.0,192.5541352641846,80.05205482522966,117.49000053404761,186.62845843614087,15.74438439314525
3.0,8.0,23.0,21.0,31.0,23.0,23.0,44.0930031621406,111.4341539542624,7.247751534769775,35.706467590049805,69.19148447943344
-8.0,-6.0,18.0,30.0,17.0,5.0,26.0,174.3371198141487,37.552515417801644,179.8750668936675,158.3359354946544,89.81561161301825
-7.0,10.0,22.0,9.0,16.0,17.0,23.0,124.96213354112966,7.224658298920761,159.84234088908488,106.96720352314071,136.70420013112536
-1.0,10.0,22.0,30.0,8.0,22.0,23.0,48.430258585950405,80.19617535332502,32.487461564629605,151.29002262321293,14.695404501480237
2.0,11.0,27.0,25.0,31.0,5.0,3.0,116.01704399181767,171.3800107390731,15.816233447302297,9.040235848830246,158.81657970836415
6.0,12.0,33.0,2.0,3.0,29.0,10.0,28.873347996768416,1.1644442806724387,84.29611295745762,146.78369412902506,120.60968389302855
-12.0,-12.0,23.0,9.0,12.0,19.0,28.0,115.89350151008928,155.63015179752387,144.53496282656695,15.147148854454251,86.05241680083451
-15.0,14.0,13.0,18.0,24.0,16.0,23.0,104.7844368817378,154.79269538538313,68.24086155546591,121.9423163461069,194.5770638841633
1.0,4.0,9.0,18.0,28.0,12.0,30.0,80.52483688931977,92.07916085820244,164.15763957634707,9.472937976201612,145.1361106479473
-2.0,-6.0,4.0,3.0,19.0,31.0,25.0,176.19931247515527,120.42461151268044,99.06122992313256,14.220885411668927,70.1531090978205
12.0,-5.0,2.0,29.0,22.0,15.0,3.0,61.9577526993283,182.1935736057234,134.34440085679068,126.39721808246603,133.0225145435577
-13.0,4.0,2.0,10.0,5.0,22.0,12.0,141.8433183549262,54.29060336629716,56.61352586431032,113.16952664242868,24.94920992418077
12.0,10.0,23.0,33.0,33.0,19.0,16.0,131.21021687034647,33.77794208171239,141.36323739381925,110.87372751755503,77.06362587042139
-6.0,-8.0,15.0,5.0,26.0,13.0,21.0,102.92973415861361,189.7487271245896,95.56354273804766,132.40909274567477,107.47963228097201
15.0,4.0,6.0,27.0,3.0,12.0,30.0,48.29216797642852,136.75209778737386,116.15285897389434,48.950495624435455,10.23521832560499
-8.0,-7.0,22.0,5.0,17.0,24.0,22.0,37.67480197238859,125.54266440968776,64.22965104131251,27.993138361951697,72.24286441312427
11.0,16.0,17.0,3.0,15.0,6.0,13.0,185.73981435576715,0.07271355735856133,100.48044323974806,142.88891428642086,196.26451976322204
12.0,9.0,12.0,5.0,32.0,19.0,18.0,131.88127260961377,120.25585670239087,45.86799094638834,32.426338737614444,91.51607225891429
6.0,-13.0,11.0,7.0,14.0,25.0,22.0,135.90668906397025,36.867250657191896,3.730106693591173,123.47328109997973,4.58803059961399
15.0,0.0,12.0,25.0,16.0,13.0,20.0,188.26702066489798,121.6818077946403,149.54248253296282,1.075195440936949,32.89982796872197
-10.0,-13.0,15.0,8.0,29.0,31.0,10.0,104.10127180020766,4.610425683580388,113.4419275189024,191.86205651966267,119.05768824997314
11.0,13.0,30.0,8.0,25.0,27.0,3.0,90.80482946915347,6.270778973791313,104.68154500076994,123.45546626799428,146.7432213762752
-15.0,7.0,11.0,32.0,30.0,2.0,30.0,192.77928843786322,33.86455409097802,176.0550425542531,143.0140455561295,158.270582003888
-10.0,-10.0,31.0,26.0,10.0,20.0,21.0,123.88732589028355,71.99812563005068,162.7593972793267,44.43803261730748,58.90861058465278
13.0,4.0,8.0,12.0,22.0,15.0,9.0,177.44666832797736,43.38153663121989,79.19527948335113,56.85013822031475,72.585887859327
14.0,3.0,20.0,10.0,7.0,30.0,4.0,173.05377300050142,181.74805923089914,199.1489710979352,12.743247135389524,103.2536830537033
2.0,9.0,15.0,14.0,23.0,7.0,4.0,71.76474455331174,13.931166456414012,13.635422918577088,110.98888836144644,125.15485697790902
-2.0,5.0,27.0,5.0,10.0,32.0,28.0,100.0590986656352,21.504293087024394,170.83683910619584,59.3137650069586,52.53200237213225
8.0,1.0,25.0,25.0,16.0,4.0,31.0,172.86903976693952,96.93776715019726,89.76785170869128,52.69680319928101,73.60821217818206
-3.0,9.0,17.0,6.0,22.0,25.0,25.0,165.35495596235134,180.41219049913525,148.51001189970953,166.44494533615227,164.63633604599048
2.0,12.0,33.0,33.0,19.0,27.0,30.0,96.28480976065109,188.79619566232182,153.24981244886484,160.9718130558921,178.6652306944418
-1.0,0.0,32.0,8.0,27.0,25.0,10.0,106.29981942124577,154.39284599527338,166.86800857628538,118.59014506497543,12.997695138288368
-9.0,0.0,15.0,33.0,31.0,11.0,20.0,126.79098849815182,17.606757561599817,60.22845023076573,75.07115549908004,186.58346990055367
6.0,-6.0,26.0,16.0,29.0,30.0,31.0,24.218879608166823,28.425473856247763,103.22618055395698,57.059479963005934,100.49704881795205
-15.0,-1.0,31.0,9.0,9.0,32.0,23.0,70.24234019951643,188.80312273333695,121.38930859819715,108.01013924125367,60.958931593901646
5.0,4.0,9.0,32.0,20.0,23.0,12.0,103.09427362580222,153.115220267533,40.79636388280219,198.76584762249348,55.436255014133515
-14.0,-3.0,29.0,9.0,33.0,5.0,3.0,8.49770399549068,188.85358975476484,64.91031580985478,94.08788075424155,117.79444878934366
16.0,-15.0,11.0,21.0,24.0,10.0,31.0,192.51423289050507,157.8036969061372,185.53969380077982,62.82839060214032,176.13458117807792
-5.0,8.0,9.0,16.0,12.0,11.0,2.0,103.84160021382378,14.56565729527599,35.81977761513093,178.57282685784443,116.62631730497446
-15.0,3.0,19.0,12.0,32.0,13.0,23.0,74.91834682886616,53.66933054295553,175.7640561685037,47.310111010327894,120.25687556857896
-1.0,1.0,8.0,5.0,26.0,30.0,17.0,88.17027750279618,1.4746027999197997,149.06084835563826,61.7140643758126,111.97997957665702
10.0,-15.0,22.0,26.0,24.0,28.0,12.0,68.71921137570236,148.71718979598643,102.05551303639172,4.188140864425938,98.63595259004268
-5.0,13.0,23.0,27.0,33.0,14.0,32.0,88.74950949003981,57.4050128997462,89.35129176682426,0.25814617121879824,61.91534617453671
-7.0,-7.0,3.0,16.0,28.0,28.0,24.0,65.75598620784122,40.45783958516414,153.02623779321215,94.85806536869444,35.27742672400302
8.0,16.0,17.0,9.0,23.0,11.0,12.0,74.78004989178201,158.37766778750552,37.84498624997028,85.46603091543186,62.55050683641734
-13.0,-6.0,29.0,20.0,11.0,11.0,24.0,126.42345336426021,28.15157351711688,31.643697547836847,92.32388685639145,191.67284662313293
16.0,0.0,19.0,3.0,27.0,6.0,28.0,124.22649499571938,189.49475801811985,161.21730762652138,103.50352435497089,69.7763886018299
12.0,-3.0,30.0,10.0,16.0,15.0,29.0,184.44669291137316,13.306574956235927,79.49530165123049,184.65511244894032,4.457000536740985
-5.0,-8.0,8.0,16.0,10.0,6.0,13.0,105.55250690799187,66.35655676364709,107.24212380915377,47.247396854465066,122.17494366454017
14.0,-10.0,23.0,29.0,6.0,15.0,10.0,64.95116428251141,69.84193356936461,176.91105999494718,180.8641250505192,58.801621667449936
-6.0,-4.0,29.0,31.0,22.0,28.0,4.0,34.9617856684489,177.61863315999145,68.58482126806835,191.00652765502366,124.73735232092655
-12.0,-16.0,24.0,6.0,26.0,11.0,15.0,106.65902626335337,174.2715370138181,72.93710230575823,65.18128688289222,108.45372706689518
4.0,2.0,16.0,21.0,24.0,23.0,12.0,153.525988612281,163.79776834791326,154.79859838433643,186.00538601501447,125.38554866587643
-8.0,-11.0,3.0,9.0,26.0,22.0,2.0,36.433344017963186,94.23346001957755,152.2412400510874,160.0214440146905,169.06779752348103
-7.0,-15.0,16.0,14.0,11.0,18.0,11.0,30.720272553555695,62.424954436112756,186.34813848262183,153.32623834482112,21.318698071184073
-8.0,3.0,16.0,16.0,9.0,28.0,27.0,5.303475829040183,106.60460752805203,153.41637066720543,121.28746590964275,117.9177031629449
-8.0,11.0,26.0,2.0,13.0,24.0,9.0,177.74244924535344,157.58915940568252,190.83015071568065,82.3383885781121,48.388546555540856
14.0,5.0,4.0,26.0,18.0,28.0,25.0,74.19783246460065,5.846894821036974,81.43167025904594,86.99096313125148,46.14539637189683
-11.0,10.0,10.0,11.0,20.0,29.0,20.0,61.66430443835147,98.62744069626706,34.09684620317919,65.47426323562415,38.53482678136682
-5.0,3.0,14.0,30.0,10.0,7.0,14.0,60.42005930006506,27.622970927990554,81.33891096800888,175.1887196625108,87.55941072893769
-2.0,2.0,26.0,3.0,32.0,33.0,10.0,136.72017315334148,111.89887797727202,66.970837493288,130.1909757826522,40.970059384133336
13.0,-12.0,16.0,31.0,26.0,16.0,8.0,0.6984115385920919,93.016562149309,146.33667822984503,76.2307673358154,189.57235516814427
14.0,15.0,25.0,9.0,10.0,6.0,29.0,127.39953824084304,150.91022498854642,115.36138831525267,177.65007756828672,140.18655712212544
-11.0,-6.0,22.0,22.0,9.0,28.0,12.0,60.50167909374833,178.37292610296606,63.95275387855277,20.24541091044525,56.226551020389756
-5.0,1.0,20.0,26.0,15.0,15.0,12.0,186.8607148597262,105.50262714901572,151.7861122358519,171.4503269855625,74.97141155169192
-4.0,-12.0,28.0,10.0,12.0,20.0,23.0,122.6593995933349,145.73409377136656,39.58675247322727,81.78776424299838,136.71764852700178
6.0,-9.0,31.0,5.0,15.0,28.0,9.0,27.731843781992715,65.74295732412989,73.96663095391382,74.12264419361468,47.13928811004404
-15.0,10.0,15.0,21.0,28.0,6.0,33.0,177.21219806538548,146.2085804921543,124.65015230631138,92.86045608042524,47.72699420684603
10.0,8.0,21.0,23.0,28.0,24.0,5.0,157.25730999343276,79.74939810923141,156.87551452169663,103.33037367859068,125.68847219950617
-4.0,-15.0,26.0,25.0,31.0,4.0,33.0,173.16379645026203,75.67147794293099,88.30248341334305,166.44453902634842,39.741761801511345
2.0,15.0,22.0,6.0,12.0,4.0,4.0,41.69551551716984,113.58715396595234,195.7817465024639,5.8950502591049725,181.00612041851932
-12.0,-9.0,24.0,6.0,7.0,31.0,22.0,141.51354001618813,58.71589910745172,154.10975832903853,164.8627336287062,118.04974485389594
13.0,12.0,12.0,33.0,4.0,22.0,15.0,193.30419454798346,194.86270532197585,89.02178869683684,133.61083155184124,95.38359653117413
7.0,2.0,31.0,13.0,28.0,18.0,7.0,135.57094736922866,121.11756378020699,145.85683007257578,113.00474080418606,99.78185929968626
15.0,9.0,3.0,29.0,8.0,13.0,29.0,155.0700410129875,65.54533280195147,72.49747273761164,18.08381652309743,196.14611298652443
-15.0,0.0,11.0,8.0,15.0,11.0,31.0,27.450219996440527,4.929147634010778,50.19912628998831,38.08049229405992,53.272967338471176
10.0,-10.0,8.0,13.0,23.0,25.0,23.0,56.612350460689974,168.88988992079922,50.2199928429693,135.5055137694783,194.2312219910519
-1.0,-2.0,23.0,2.0,11.0,8.0,23.0,41.668603093284304,47.74658898058828,195.97663224468766,6.870314846551984,26.073393124974366
16.0,-14.0,18.0,28.0,21.0,23.0,15.0,103.77103299846264,195.07458238736368,21.2290987811536,67.01750861827462,16.82839938242442
-16.0,-9.0,29.0,14.0,25.0,17.0,23.0,9.54547105770558,178.1145575617186,1.41276219552684,173.07600536229157,97.19597164851007
6.0,12.0,12.0,3.0,19.0,20.0,29.0,99.41722742553691,128.0443574403479,154.96547514213665,109.35582241380489,78.2991211148614
-6.0,16.0,24.0,13.0,29.0,32.0,15.0,14.83898250091029,199.61209410735654,106.30732636737015,15.691200777829216,113.38021090550707
-16.0,10.0,10.0,30.0,31.0,27.0,21.0,136.9074951927088,103.78437748927838,6.849855742266198,101.18319531219329,131.90592513170304
-8.0,-9.0,31.0,20.0,21.0,11.0,22.0,51.88803807638127,46.84574254653913,157.97392798704792,156.98261042916994,181.96647584577306
0.0,2.0,11.0,21.0,20.0,18.0,4.0,141.29457489739735,66.52425707328833,76.36309920104796,0.5759645121436563,41.35120086818
13.0,-3.0,4.0,32.0,26.0,28.0,28.0,152.8024746057496,18.626993248865254,90.57867920478542,81.81200126470178,108.61874262941585
-4.0,-13.0,28.0,7.0,2.0,23.0,13.0,8.980870416498888,96.98745664982424,187.7769912335665,8.195962507455711,159.02692301220617
7.0,8.0,28.0,33.0,32.0,23.0,31.0,140.00031264473475,97.80536588943013,51.82813078532513,81.31007671698171,54.843273405500724
-16.0,11.0,21.0,20.0,19.0,9.0,20.0,111.50610377902836,97.92811374323955,30.725919102310286,187.86957695022838,86.79639521743701
-16.0,-16.0,14.0,6.0,33.0,31.0,9.0,50.10482465580104,160.55799574308836,45.76680864480485,169.11743720638322,179.85168636517605
-8.0,-14.0,10.0,29.0,33.0,31.0,22.0,196.43437263497782,89.6341187941944,30.53878452349361,4.980391268973894,8.096998436912429
-6.0,-16.0,6.0,27.0,5.0,2.0,26.0,14.52089129793288,186.70297015456737,9.434698466513968,107.51899252379025,108.52810805408697
2.0,-13.0,10.0,12.0,17.0,7.0,3.0,137.34299176129593,62.11537386258419,57.18397657497265,53.07004766220407,108.88433801856073
-2.0,6.0,4.0,16.0,32.0,27.0,8.0,146.8200484673063,69.82661840349522,123.70936499805897,98.97036212463868,102.31508045414247
5.0,1.0,22.0,28.0,33.0,2.0,7.0,97.32558919077722,107.46208791531471,172.69563015327125,149.05709100642454,139.51262437012224
4.0,0.0,18.0,33.0,33.0,27.0,26.0,47.53306620538069,72.92551302078986,86.72210393082737,118.96465845882358,43.78635251619314
9.0,12.0,3.0,9.0,12.0,15.0,28.0,89.08090233898305,4.059549672079621,174.7964086619154,183.7911379643224,181.91604691552456
-1.0,11.0,30.0,7.0,28.0,6.0,3.0,74.25692127304006,48.00352303086785,184.9764098323228,142.05830476284513,168.18537162168604
2.0,4.0,29.0,8.0,19.0,9.0,25.0,139.75798377117667,59.63595796874473,188.0840172807365,22.37086903468597,138.5920707932602
16.0,4.0,17.0,3.0,17.0,28.0,15.0,69.58984321694024,27.73868256940837,98.16200701896886,145.05064605865542,65.33044987491594
-12.0,15.0,32.0,18.0,32.0,17.0,20.0,171.88817303986337,82.29417998987873,168.09720536328902,124.18427569796584,111.58376389732356
6.0,-11.0,22.0,26.0,26.0,17.0,30.0,61.85712100680354,94.59800335620446,29.64690170175379,54.82967497338467,151.65520750640283
-16.0,11.0,26.0,22.0,18.0,12.0,8.0,39.79633119281824,117.20689269002588,22.900300500394156,91.5932576625757,136.90025499943675
7.0,-1.0,16.0,3.0,13.0,4.0,26.0,155.70106219131924,140.7165587530634,64.70643166199828,171.55024659394945,170.57242007759302
4.0,-7.0,32.0,18.0,4.0,23.0,26.0,24.645786742601693,27.044812617236392,99.15202002113364,157.22167857330888,181.98900407896144
15.0,7.0,32.0,30.0,2.0,5.0,23.0,139.56415842393196,99.22843783616615,199.39387203270482,94.08648305567662,39.304874553832114
9.0,3.0,26.0,22.0,18.0,5.0,6.0,18.803578125340014,42.60993617590025,120.59226924591253,108.0093544429902,105.96884802640642
-8.0,-6.0,32.0,23.0,27.0,7.0,25.0,5.893257916091454,117.14927262733656,73.06866680304884,89.40418845447368,196.35431992475017
-15.0,-16.0,8.0,10.0,31.0,26.0,21.0,184.29643747102202,136.4470486714585,192.6310799779694,54.53112483828839,161.9229499399183
-6.0,-4.0,33.0,30.0,4.0,9.0,14.0,178.86671567998854,31.639406322395324,4.899415816805908,174.62604762420145,105.6896225653751
6.0,-11.0,29.0,7.0,23.0,24.0,28.0,4.38435741207206,120.051681753147,89.30389560409454,87.99140298307739,126.19085388443214
-12.0,-13.0,23.0,22.0,19.0,20.0,25.0,192.97420044664898,37.04244611393204,96.19912282983185,106.88287412310788,31.258856642665478
-15.0,-8.0,15.0,19.0,9.0,19.0,5.0,4.2818560699027675,23.33585390744044,27.490140065667546,7.590949712521811,83.9718828916116
-8.0,-8.0,29.0,7.0,14.0,27.0,21.0,136.1267684216686,119.81916138017021,113.58188591757016,165.67345133748563,80.28898014432716
6.0,-8.0,32.0,24.0,23.0,5.0,6.0,52.09950285564604,166.66197975658898,85.2157418829399,99.89286162394706,37.33395714658578
-9.0,-14.0,29.0,30.0,32.0,29.0,12.0,149.2808112231633,68.09227024150499,142.1736720215141,40.53342803487099,55.62782499621333
2.0,-13.0,24.0,33.0,8.0,9.0,30.0,76.79376576678041,0.17068947705238813,64.23489485272466,12.085380321581063,111.79053970717649
4.0,-3.0,2.0,29.0,21.0,29.0,21.0,2.0029538065835517,24.50335085199855,105.79261501078324,86.17630920341239,106.36871452830347
-3.0,11.0,18.0,27.0,3.0,20.0,7.0,121.1767366140001,60.97689011951945,121.03231760967677,189.65053188533872,13.789878935503852
0.0,-4.0,12.0,8.0,32.0,5.0,23.0,82.64854152042173,66.64174647996148,67.92429711305437,9.802937669777577,173.05587476755338
16.0,0.0,4.0,15.0,26.0,3.0,2.0,46.008623325105845,78.11759390598054,29.69920689625947,142.87663202438043,123.50390409405092
-14.0,-12.0,29.0,14.0,32.0,26.0,25.0,160.74763401723902,49.27681731100802,154.93633315635435,190.59835689225605,193.67408688409628
8.0,-11.0,4.0,25.0,10.0,5.0,31.0,106.44626698018438,110.9119302344187,138.10481601007032,8.339725522407582,192.83071899062833
6.0,7.0,13.0,3.0,31.0,28.0,30.0,11.835606653025676,51.54760251761616,159.077171280474,2.932645023506786,19.225317615043913
-13.0,2.0,18.0,5.0,15.0,17.0,5.0,27.183583213921448,178.8584155956713,54.81636513807837,151.9073757546334,126.96588047555497
10.0,4.0,4.0,18.0,24.0,19.0,19.0,109.06122185894456,190.00912815621328,117.95824414386476,82.42670481918826,77.02539258896628
14.0,-10.0,9.0,6.0,3.0,14.0,6.0,167.18614078996026,173.93339990849972,24.012799491250437,122.98712016782709,199.11968706882627
-6.0,1.0,12.0,6.0,17.0,15.0,11.0,14.992102878754189,193.34043619352863,36.832604111539965,114.90986895690136,3.0153507280087366
12.0,2.0,23.0,33.0,30.0,5.0,32.0,76.67363310633193,53.65120557100611,192.0989515106327,127.62247015758201,104.18941429335464
16.0,11.0,9.0,17.0,5.0,17.0,18.0,183.96041835284223,71.43088034565265,15.550502824319024,126.23015840549424,172.03611088844767
14.0,0.0,25.0,18.0,18.0,29.0,22.0,72.25971028699496,115.13442990694446,108.53338387145138,114.90640810085777,62.17140219004244
4.0,-10.0,4.0,27.0,12.0,30.0,30.0,119.5563192674844,153.91149281712535,10.312251420430174,144.64507010354365,141.1226775677732
-16.0,-3.0,8.0,30.0,16.0,31.0,8.0,74.44768097293209,181.49824230320033,100.33131846157073,32.32528139844284,175.75518901713298
3.0,-9.0,30.0,31.0,15.0,19.0,20.0,90.33442356411221,88.0099489032936,68.17032386606459,154.34630192469666,197.9603033337496
4.0,1.0,16.0,30.0,32.0,7.0,23.0,12.825441573508488,180.95042718870013,162.83165522224095,87.26811278158104,55.40243591568639
0.0,14.0,3.0,8.0,9.0,26.0,30.0,154.50626906654082,197.1815030596242,174.87869913950672,55.658333213828534,56.053057505779734
12.0,1.0,9.0,16.0,3.0,14.0,30.0,196.6615482887203,114.25057078763608,23.368550108946096,77.2695136118223,124.12747013308089
-13.0,14.0,18.0,20.0,31.0,23.0,25.0,106.95093928319763,50.82580847804623,179.17299650591727,84.62675319750679,100.69427589945438
6.0,15.0,33.0,31.0,9.0,25.0,33.0,89.40443273225908,190.3387798902839,56.837503715529266,134.51471383267187,147.17028516640517
16.0,8.0,17.0,13.0,24.0,6.0,32.0,31.692945885589353,47.71972300089029,104.86508583689927,96.57650259730278,167.85808844762724
10.0,14.0,14.0,22.0,21.0,19.0,26.0,27.691657301544993,12.493095357653994,100.9179215367533,52.01770095947287,136.7014376710983
5.0,14.0,16.0,30.0,30.0,29.0,15.0,197.5584364645043,42.048265535378526,145.63364950703144,182.31124505711605,55.5541912445553
2.0,-16.0,28.0,4.0,17.0,25.0,28.0,16.150769656461073,195.44771429759933,22.133161257130986,167.8915176393147,166.29793602689656
-9.0,5.0,13.0,15.0,24.0,14.0,12.0,39.07798119687311,28.82782180582042,36.64479751566314,17.422492887724705,64.88897314256799
-12.0,12.0,2.0,10.0,32.0,18.0,25.0,10.64668045501682,74.53117922573303,144.74366337777153,130.75411406237237,33.56224976300284
-14.0,10.0,14.0,4.0,33.0,16.0,6.0,29.550791860688964,84.72552371080543,47.428698677355015,82.27997781763573,89.48986172712607
13.0,-4.0,3.0,28.0,20.0,4.0,6.0,108.32625950613195,139.4303543896717,40.259910211182756,79.44218667029588,143.0102121427252
16.0,-2.0,12.0,5.0,26.0,10.0,26.0,123.2347499627043,172.39220503601712,53.86786042593901,158.93852840305217,54.413206317101135
13.0,-3.0,4.0,12.0,11.0,5.0,33.0,38.85630992690512,85.63261159494691,108.5645203710591,72.97801863447062,117.15093537974657
15.0,5.0,16.0,31.0,15.0,26.0,2.0,122.45054738841037,179.32339457735316,99.40038330283994,55.59989621971191,162.93851660284994
6.0,1.0,27.0,16.0,7.0,12.0,10.0,166.5116835460892,188.86619396298715,59.42046418932871,122.58419116013575,131.9551373245447
-16.0,-4.0,11.0,31.0,31.0,15.0,5.0,131.3905867545499,39.510523313966786,164.07817435363765,3.191415481291715,119.54731564558472
4.0,-6.0,14.0,29.0,13.0,5.0,18.0,28.959973081511016,122.22742900857968,9.193253538315261,78.99853280988248,82.75467264932246
3.0,5.0,10.0,28.0,15.0,2.0,4.0,135.13864367711602,69.83553894636599,46.63216983239644,116.54634260641923,53.886007760212685
-4.0,-6.0,31.0,13.0,29.0,19.0,18.0,6.873506785331873,86.39153611839099,144.97668022394225,113.19153996163776,165.1562825384579
-11.0,8.0,24.0,7.0,11.0,30.0,26.0,101.2174369486101,60.091188168078325,172.12142549918835,40.186987663137174,87.39899817782853
16.0,13.0,20.0,26.0,26.0,19.0,24.0,97.11457577842415,95.36669014470233,148.027087534635,149.24502385573405,40.51512459742097
-14.0,7.0,16.0,13.0,19.0,31.0,14.0,152.23991893138984,10.827687675783304,174.29762000407618,143.68685584557988,122.38591490731908
-14.0,10.0,28.0,13.0,11.0,13.0,22.0,83.59782740295954,25.063117492959307,2.467568829609079,73.76855975688561,158.6686098932854
4.0,14.0,31.0,20.0,2.0,18.0,16.0,65.65520693129886,18.476050112184627,104.6912601130027,181.83899508925703,173.61598273658376
0.0,-9.0,11.0,14.0,5.0,9.0,4.0,198.11536875828224,117.2126576638187,126.4992201924341,39.82650211911698,34.17493644781264
-2.0,-3.0,5.0,7.0,21.0,17.0,10.0,60.40430266911518,1.082179198367128,0.20473759585011297,103.7937079218541,48.43431826492306
-14.0,4.0,28.0,2.0,27.0,14.0,24.0,16.506643673800923,61.70611528631813,51.61373686002768,38.723011720927715,165.57019065921665
-6.0,-16.0,9.0,28.0,28.0,23.0,12.0,2.4861178949022067,137.841533942864,57.33920793937739,123.25630981728382,127.66167075200332
15.0,14.0,10.0,15.0,33.0,8.0,25.0,3.717523911427789,7.664081876786333,118.56053635324115,23.53723218061463,33.548051793414004
9.0,10.0,11.0,14.0,21.0,24.0,16.0,72.78253938480859,199.10926085676448,66.72181884259061,82.55364581607961,103.23846369174538
-6.0,5.0,24.0,28.0,32.0,13.0,15.0,151.62307500249122,175.50461243513973,158.5994492046965,188.04399476758334,69.98958594265213
-4.0,4.0,33.0,24.0,5.0,25.0,10.0,81.17846535228819,64.14060595359041,61.019433533768044,71.03466905565317,72.30954452263012
13.0,4.0,8.0,23.0,3.0,28.0,31.0,181.72082868541264,131.18559503964397,55.49749973974378,169.98705166760746,46.89543782164562
14.0,-3.0,9.0,8.0,10.0,31.0,24.0,179.68745067490906,76.03416547052761,24.2158866000024,96.12979976284835,26.8499510727461
-4.0,-2.0,33.0,5.0,3.0,32.0,8.0,7.356249259506575,94.62648637694708,50.202842522876566,36.863158521154496,9.25625142905031
4.0,-7.0,3.0,6.0,21.0,16.0,26.0,148.1948528099742,156.37747917396243,28.02698570496196,131.23643137911424,190.3607479172575
4.0,2.0,32.0,21.0,10.0,15.0,33.0,183.0039123853534,174.73182789013612,21.005140662846046,64.63382762170953,189.61286443758908
-15.0,15.0,16.0,25.0,21.0,10.0,16.0,13.765218004021108,42.190186207282295,159.20812000133463,114.84358298653767,53.94685247083191
10.0,-5.0,2.0,2.0,6.0,25.0,8.0,178.50770999600266,7.94610129519413,67.16013749855658,63.83158995698788,22.029531709543114
-13.0,8.0,26.0,15.0,20.0,24.0,12.0,134.03817971400233,138.1989728622964,0.34287706018514275,174.34745448389117,87.97056267862632
-1.0,-2.0,32.0,20.0,23.0,22.0,24.0,133.11298097616645,41.89499626270141,103.54781688817587,115.15015797565515,155.8079618784018
4.0,16.0,17.0,10.0,26.0,12.0,12.0,178.13045723676015,5.687617453464022,138.69133305092643,80.6161608404703,97.62966754718607
-5.0,0.0,30.0,22.0,12.0,31.0,30.0,2.349021166101739,173.12775903277432,72.7621384717565,184.2026377094396,116.04307026257268
8.0,16.0,17.0,4.0,9.0,25.0,3.0,126.62735311460409,176.06903647439844,31.447555908169967,149.30760480147012,149.1753597183908
13.0,6.0,23.0,3.0,10.0,21.0,3.0,120.39402043675118,50.93135005258984,178.0757261355281,36.985223218407114,50.259119977104106
-1.0,-10.0,17.0,28.0,4.0,5.0,20.0,65.64208258342525,41.96773475570821,25.02297262762405,164.00978716995945,196.44751096059116
7.0,-2.0,22.0,3.0,7.0,11.0,24.0,141.02520413849226,1.3334306621959557,152.42495694847585,163.98141409093208,106.20585915583025
1.0,12.0,19.0,2.0,20.0,10.0,24.0,196.00015650474037,72.13681335232178,43.18679248748853,177.44135322040987,96.16985344754147
-3.0,8.0,20.0,23.0,21.0,24.0,30.0,58.14566506344643,102.45422961738886,171.45401512715463,103.28885138008022,199.6669212537081
11.0,5.0,19.0,33.0,26.0,16.0,10.0,15.904671904432321,171.14066028811916,22.469208849567224,31.981272731772513,154.28925609238306
-5.0,5.0,33.0,26.0,11.0,18.0,14.0,92.02256025129697,167.42630660499125,131.62487605685135,80.17484051565368,74.01166266385795
1.0,10.0,15.0,32.0,32.0,9.0,7.0,9.304955570349316,103.23574637494086,22.652877854088537,85.09350187643324,45.2726337114705
10.0,-4.0,7.0,10.0,15.0,25.0,9.0,167.57411686700485,166.21366150342476,90.76977366610939,43.51260306854121,174.36596415337002
0.0,-11.0,26.0,25.0,2.0,21.0,4.0,120.85104925438566,27.992942171226897,73.14075589852918,26.60207619694792,189.01289525968775
-7.0,-3.0,2.0,20.0,18.0,30.0,31.0,107.30538769567882,140.59882207649312,168.17979492609896,16.986679138195203,93.20053091806241
12.0,-3.0,10.0,27.0,8.0,27.0,29.0,98.5988670515487,93.35370396937958,90.08550222086302,51.15233710332241,170.91983224102356
1.0,4.0,17.0,14.0,12.0,25.0,31.0,66.64231846375309,81.549230374257,68.12669523282457,62.0270519215109,167.69565242139655
-15.0,0.0,3.0,14.0,33.0,22.0,16.0,156.42221634037347,69.39926153785785,109.65300800607542,32.71181084953656,63.39266250856426
12.0,-16.0,8.0,22.0,21.0,10.0,29.0,111.43141471813126,40.01002357536845,92.14220741345929,48.08810061994859,142.66771580031843
7.0,1.0,33.0,13.0,21.0,3.0,25.0,169.63594338637532,126.02762383481165,62.80140432414954,132.7697783975951,167.01034011623796
-7.0,-1.0,27.0,16.0,19.0,24.0,16.0,171.28689666333216,11.757588857374346,64.30023580477004,85.26301812679604,120.15888429877704
10.0,11.0,33.0,23.0,10.0,5.0,25.0,131.29870090852444,90.5546963139481,30.220258033123002,192.76865859795356,160.13387481462647
-2.0,0.0,2.0,6.0,24.0,6.0,24.0,101.5866064856071,19.816567824138033,111.63148995334664,49.62346899272851,152.96129804840098
11.0,-9.0,15.0,14.0,25.0,17.0,11.0,109.67410674175481,24.31017940024962,166.7146859762852,52.011830734408406,53.3706089859415
6.0,-5.0,7.0,11.0,12.0,29.0,16.0,10.902977488567856,91.0334643717688,98.01179841054322,70.01211055717205,162.53825489083806
-3.0,-16.0,27.0,3.0,5.0,6.0,5.0,45.69713549508283,76.28056922183144,129.89583399834302,21.885988519215882,33.03519318871113
-14.0,10.0,16.0,7.0,22.0,5.0,27.0,138.52772031905977,155.2784688649977,55.649065599228024,77.21158892079012,5.286307559749637
0.0,-3.0,19.0,15.0,20.0,12.0,15.0,60.466484820922716,183.3972812637269,189.15595777364837,175.42505096880618,62.97526948295964
15.0,0.0,12.0,26.0,25.0,2.0,28.0,150.74877355713465,59.19235905114708,9.833717659992057,143.26782672566046,159.70250084023877
15.0,9.0,5.0,17.0,24.0,26.0,13.0,149.50604911383667,175.75182990167596,98.5817513251082,27.752369882319904,4.5192286177918595
-3.0,1.0,13.0,24.0,4.0,23.0,19.0,87.58319845274191,100.56663915252857,35.54856254065293,5.100632308302355,91.38088071014417
-10.0,3.0,26.0,11.0,28.0,20.0,11.0,121.16805493027447,113.90976657027909,9.068048733789325,95.14996812827938,32.87997101026885
12.0,16.0,5.0,15.0,17.0,18.0,17.0,75.59292757232872,77.11081256874483,199.83560763106703,7.6192967490425145,103.64214337081914
14.0,9.0,6.0,9.0,6.0,27.0,10.0,76.156784480092,37.0657984812544,35.03188811361482,152.18584104920313,104.49390024359356
-8.0,-3.0,10.0,6.0,3.0,17.0,11.0,50.33953241145615,68.92346699662271,190.4844926879566,85.95384382909148,32.205448190723395
7.0,-16.0,3.0,29.0,8.0,9.0,5.0,162.9705287894726,196.04021889834155,43.65772951588611,179.61674157538607,34.537939571050224
11.0,-8.0,25.0,6.0,15.0,18.0,7.0,26.109606316522125,98.555506504283,97.79372552138135,138.240497478623,184.57150925032667
-5.0,-1.0,29.0,11.0,31.0,26.0,2.0,39.83765183197987,162.5931650406526,27.907009324953492,14.592158629091623,22.641997585975382
16.0,8.0,19.0,10.0,5.0,26.0,22.0,101.15589500954667,173.91680968339608,128.6003099121047,87.26814435580692,125.03784349497072
-6.0,-16.0,14.0,21.0,14.0,7.0,4.0,1.9608858260290685,139.85957769199408,154.46358689752066,76.47809636677101,84.66005420613625
5.0,15.0,24.0,12.0,26.0,25.0,12.0,36.518017986443276,103.25858597185493,171.9820506823798,145.1559011234835,187.39536460559
10.0,6.0,2.0,17.0,24.0,27.0,5.0,41.57025895831807,124.25901609470557,10.705936865426136,85.31262235015815,69.31628089600679
-15.0,-2.0,26.0,19.0,12.0,29.0,4.0,86.46147931396304,128.62846467962055,16.81046758534741,98.5646299730214,79.75637922034893
16.0,1.0,7.0,33.0,17.0,20.0,28.0,100.33133204825569,161.3046016979308,39.67100613801038,193.80275622621625,143.10737243675516
14.0,12.0,4.0,12.0,25.0,5.0,31.0,9.985216985265799,68.11036724754365,40.30313310818532,103.62395179510426,12.871306522579795
-3.0,13.0,28.0,25.0,30.0,18.0,8.0,50.44853225642607,99.83370305866714,145.3780362376673,55.733944621942925,29.383266789317886
12.0,3.0,18.0,15.0,14.0,32.0,32.0,72.68284026024175,139.50747076477646,91.84714129140914,107.44643222144694,96.5236370896571
12.0,16.0,23.0,9.0,23.0,19.0,17.0,38.54680667425776,145.99998966655892,41.26758969093929,128.56223740828833,104.31149108821478
13.0,12.0,2.0,29.0,29.0,12.0,19.0,54.46746076041131,58.11301534762441,192.31901086803603,28.788300106749197,136.6686952516831
0.0,16.0,27.0,28.0,25.0,5.0,24.0,166.81475131409985,20.528450840622824,27.8550560396577,10.352034747596651,187.56779875506996
15.0,-9.0,29.0,10.0,11.0,2.0,18.0,99.60824172885741,180.2101532941239,2.0376359659801446,145.3867551430125,9.656860499645358
0.0,9.0,29.0,14.0,26.0,6.0,19.0,156.30803477286733,127.60836172370327,183.70223793989268,117.28327566756063,176.80079385154653
-15.0,-4.0,28.0,2.0,32.0,29.0,16.0,56.373291946089445,52.08740994428409,82.3766466764813,61.97422998761528,166.41549936961212
-11.0,-15.0,33.0,6.0,27.0,30.0,17.0,100.30162431127016,38.281564713502945,57.898907104092025,130.27247033733687,152.9271447987286
-2.0,4.0,28.0,27.0,32.0,11.0,12.0,63.439924761267875,35.348403392241565,38.243917274034885,29.99885540842644,170.02023379149017
7.0,7.0,2.0,22.0,31.0,15.0,5.0,48.41533112478977,36.78336904719335,44.69550063515981,110.98951820329017,188.65925350154967
16.0,-16.0,6.0,15.0,4.0,4.0,24.0,143.5243080422946,10.132475287931708,195.83273824142216,146.4790404358731,129.6870009876457
-10.0,11.0,21.0,2.0,19.0,18.0,26.0,132.75202399356695,185.43717118619105,118.28389125654995,160.96607622407103,116.71744398573847
0.0,-6.0,5.0,9.0,3.0,23.0,19.0,13.381900496070621,37.43572795751751,82.28106245912643,138.12298169864886,37.47922632051575
9.0,-8.0,13.0,29.0,32.0,9.0,28.0,102.4456590548015,92.4283956332711,77.28408874765667,142.14352518416754,39.83591369118275
4.0,9.0,15.0,6.0,20.0,20.0,14.0,63.13716687984694,43.663261187576175,172.8168890688951,18.339258224270893,129.7416528348954
-10.0,8.0,18.0,2.0,5.0,27.0,12.0,63.08997038388506,132.00191908523618,78.13276772545088,108.61760859914251,76.1816078966956
2.0,8.0,9.0,6.0,3.0,30.0,17.0,195.1029742090282,11.271069526954335,86.8167714319691,112.71178577663594,37.22257132838178
13.0,7.0,12.0,5.0,16.0,22.0,30.0,119.52288358635519,50.73766702199472,192.24007607297688,35.13828804566512,142.59483282243878
-9.0,-1.0,27.0,33.0,23.0,28.0,20.0,51.038916060756215,90.60297411905931,97.34496071632417,173.36551512569142,6.263187772455514
0.0,0.0,4.0,8.0,33.0,18.0,3.0,179.72711110532418,101.33651087051867,103.24843580974148,173.42254191884626,102.98157613339698
-13.0,3.0,12.0,6.0,18.0,24.0,27.0,129.04151767013897,90.12995439076776,75.2188268733686,60.17790431782322,54.15566403499801
16.0,2.0,20.0,32.0,23.0,7.0,15.0,128.92777448715862,142.26939538053523,0.35856111802501367,151.1430484855992,100.55749476154622
12.0,-15.0,23.0,4.0,9.0,14.0,19.0,20.201450666797417,117.48388505536272,162.04462867602814,133.89359451691135,144.9964568959427
-8.0,11.0,16.0,7.0,22.0,9.0,17.0,121.3803595148176,37.79218086915985,181.65071051212786,63.10108331444357,189.09423588048776
13.0,-5.0,10.0,2.0,10.0,18.0,2.0,0.13002308433345267,61.91300598441472,32.794757509831186,85.96873590430998,189.86541282809512
6.0,-9.0,32.0,20.0,24.0,18.0,21.0,48.77309788929318,69.69468416511,79.58979068072611,142.12395149916773,58.67103430062548
4.0,4.0,11.0,2.0,33.0,31.0,9.0,148.7826207883565,169.60075647133849,19.40224849890533,186.2504544129465,29.33986428027895
-4.0,11.0,32.0,33.0,27.0,28.0,22.0,15.975485851192595,192.81727954047537,73.65984583304513,0.3866469681654605,150.44717519873402
1.0,-14.0,28.0,14.0,4.0,27.0,13.0,195.27762300190895,173.50988806230475,52.52475776092298,10.877141954317327,137.89611539559442
1.0,13.0,29.0,16.0,20.0,7.0,14.0,81.16568900609407,72.28105511408745,6.163606822037804,153.8027940166255,187.92818008452156
15.0,3.0,11.0,32.0,23.0,27.0,12.0,120.32218520211421,25.059558842635354,93.95405039460545,173.91607769945583,7.017089575861801
-8.0,6.0,12.0,30.0,4.0,14.0,6.0,158.78811878010129,87.43008880375676,66.51736362447633,51.61468025416913,34.04479779974417
-6.0,-4.0,11.0,28.0,28.0,27.0,26.0,64.85399801882905,112.70309580989304,107.30361787824518,58.11280003805417,64.7135155918269
-3.0,-5.0,2.0,29.0,18.0,17.0,15.0,142.346205793447,94.05189057099726,94.30965106467963,134.20258437901816,94.89892354934702
2.0,6.0,12.0,25.0,16.0,21.0,26.0,122.05789131126213,99.40514710583388,81.69230602756666,151.75935624700278,55.84088238896867
-5.0,15.0,7.0,2.0,29.0,25.0,29.0,143.3812831029998,25.23121083358364,60.35369715402528,15.408108430977464,25.046846486786123
12.0,-6.0,33.0,10.0,3.0,26.0,28.0,60.2893047421778,88.70509652595003,96.65026874431047,160.09083337871297,115.1141710235966
-15.0,-16.0,31.0,17.0,12.0,30.0,10.0,22.472956776375618,188.12749998827888,159.81686521299494,141.35123784132318,78.30294584050488
-1.0,1.0,10.0,21.0,31.0,21.0,30.0,157.98291371991823,97.21304779013697,46.86839403020733,93.71094078879206,104.21671319172981
-8.0,-15.0,20.0,18.0,29.0,16.0,4.0,60.74033186389784,105.16232580748093,167.08643644070912,46.807398087631526,133.2551903443324
6.0,-7.0,23.0,21.0,8.0,2.0,18.0,147.85967975817655,163.38413663605405,190.5320493704211,153.83264338205262,55.184724568659036
-1.0,-3.0,31.0,26.0,2.0,9.0,23.0,107.64561248797936,11.898138065436603,82.8707102858715,24.260204579700574,138.96835319538044
-16.0,5.0,5.0,2.0,12.0,11.0,25.0,6.5217226065284795,68.83375269515506,22.37484894062096,158.99871644254736,160.9454126888602
16.0,-12.0,11.0,13.0,33.0,28.0,25.0,194.0925301502708,117.56558713042631,135.96553794332985,175.72131654668593,143.053854859739
15.0,10.0,29.0,28.0,10.0,10.0,30.0,41.056839003716725,151.97591612342987,159.5815408294676,15.819084044701427,122.29251360277829
-10.0,11.0,8.0,16.0,31.0,22.0,13.0,26.06498557070016,39.59521740644363,18.29875826709808,50.67085649505763,65.80753139380174
-15.0,11.0,7.0,31.0,24.0,17.0,2.0,185.7007885815118,47.27564788647758,101.10974524292908,76.39031487600963,91.79069336634662
-6.0,14.0,27.0,23.0,10.0,32.0,15.0,102.87092807602917,39.99577630080324,137.08218911308558,163.29927833115448,174.0102285484751
5.0,-11.0,23.0,33.0,20.0,33.0,7.0,145.08670660427404,130.1895715689565,82.47998582963798,56.20575477069243,144.22944506346622
-13.0,16.0,14.0,17.0,23.0,29.0,33.0,106.56570744384864,166.1565490657751,174.24865590762096,177.11145434319434,174.0881733522209
-11.0,6.0,23.0,14.0,26.0,20.0,9.0,46.51265303873231,137.04668997968622,193.3135278775149,125.13922758732619,142.6921730760403
-11.0,7.0,13.0,17.0,24.0,11.0,29.0,21.41123269036107,109.00953912209721,44.266085939413145,34.85802338820165,128.11478113598284
-10.0,-16.0,4.0,9.0,2.0,12.0,32.0,90.04989803695489,38.45363388161882,93.7916424918587,184.8693044038199,71.36421763043366
12.0,3.0,19.0,16.0,5.0,14.0,4.0,92.36940230769561,51.131616565555206,159.12811706624856,68.70209436697606,11.124813336819205
13.0,16.0,28.0,21.0,22.0,9.0,32.0,172.75286109699073,162.4544056042074,65.05707836754675,88.45116652929602,153.26541713175322
5.0,2.0,29.0,8.0,33.0,27.0,11.0,142.4231716446516,58.52177601196966,166.7771626438269,52.58226380702287,10.776078671279276
1.0,-11.0,7.0,13.0,16.0,4.0,20.0,63.75476589648634,9.521513858734053,127.14146674532465,47.49696000455042,36.28633311193734
-1.0,-16.0,3.0,3.0,33.0,6.0,5.0,185.6995718988489,36.75357287301968,64.44320230450649,124.71232297150938,56.14667807343932
15.0,-11.0,2.0,23.0,5.0,27.0,29.0,127.34178627958683,197.63334191293126,149.74531858249708,43.402070177529865,72.56706459602111
8.0,-8.0,23.0,26.0,16.0,10.0,13.0,118.98110831905002,108.64980055287587,20.915844292012544,48.89519254552339,144.59525133728158
10.0,-12.0,26.0,28.0,6.0,6.0,17.0,165.88847436037057,85.69176457598364,93.89755917451421,153.7236967003806,108.55070188324075
-9.0,3.0,8.0,24.0,24.0,27.0,9.0,74.52379716192456,174.58499700234614,40.91657781193059,27.2860536916953,184.3186109278963
12.0,13.0,31.0,31.0,6.0,2.0,2.0,21.9841544047338,0.5099039892030754,1.4340095971599576,123.58859593697873,36.47042721775389
-9.0,-14.0,16.0,11.0,15.0,12.0,15.0,182.05306287254606,173.45426389365088,188.15512915755244,94.9409676629692,79.07703043042046
-4.0,-9.0,33.0,6.0,11.0,20.0,25.0,67.76961232516273,82.81888881760983,75.49135097198536,56.51126540045537,109.51140329516124
-9.0,6.0,4.0,12.0,23.0,9.0,31.0,30.495153331275237,78.09164578534225,97.50568408010443,20.264228164646745,100.91890390962266
0.0,1.0,6.0,9.0,21.0,11.0,8.0,56.52815297349791,108.76533262228145,143.8102259293134,7.85890245639409,129.5987154681048
10.0,13.0,15.0,21.0,29.0,22.0,16.0,38.67154407190239,60.87566516321452,109.41950755095185,41.684539280976175,70.20212909647894
7.0,15.0,28.0,19.0,31.0,28.0,22.0,151.48763498130842,158.25659154340545,167.7390667156519,46.51676731568457,94.72968013451275
11.0,-12.0,27.0,18.0,27.0,33.0,10.0,57.44215100410421,58.18178422211169,191.88402379046664,63.260327214979164,107.43284205766872
-9.0,-11.0,12.0,22.0,31.0,15.0,3.0,83.84016054192998,171.35028858169255,19.124735498433367,174.0574131985203,136.68100233966695
-8.0,-1.0,27.0,10.0,15.0,32.0,11.0,1.152233653248591,101.04168000415102,101.42498358625296,74.76316598679595,124.92237266244526
9.0,-8.0,14.0,16.0,9.0,28.0,29.0,127.0930402112908,176.8574042946233,133.99275579934124,87.40194830201705,81.24371858292028
1.0,4.0,21.0,11.0,4.0,5.0,17.0,111.76203257288317,44.097519708371614,77.49442636667541,177.5723871630193,139.23805596924313
-3.0,-9.0,32.0,16.0,20.0,22.0,11.0,167.6539594532662,33.79297445942737,104.17115624244929,186.02289142118426,139.64337293100397
16.0,-7.0,24.0,9.0,20.0,26.0,8.0,130.9215327400097,31.506540079860557,168.1323154322123,175.48569099603816,109.84563717842448
7.0,1.0,28.0,11.0,29.0,23.0,16.0,105.6569710996175,175.9844505698539,47.55358596302932,180.2196438566844,79.87143982382486
-16.0,-15.0,21.0,12.0,5.0,28.0,27.0,48.58929353383854,1.020885440399577,155.0738458715048,62.23532286810061,67.67278427299361
0.0,-5.0,21.0,12.0,10.0,2.0,16.0,170.0942271389129,21.29774402998452,185.1645806856348,13.237161716779333,164.49051153985585
-16.0,7.0,14.0,12.0,14.0,2.0,15.0,156.60575271936494,156.88794319524877,173.58585027595103,45.467953551005635,106.30293716729693
11.0,-11.0,2.0,22.0,16.0,15.0,19.0,27.379669782149318,38.62473131840507,45.5631067796231,161.78717966625942,79.18804338642649
-2.0,10.0,15.0,21.0,21.0,32.0,12.0,6.9919371088062565,168.8659594948559,58.86814425063025,81.18729808262692,7.511514859179136
4.0,10.0,14.0,2.0,21.0,24.0,26.0,98.52591722282718,25.605735709915713,35.95496927183839,43.765032297202254,140.85071150842248
12.0,-13.0,12.0,30.0,5.0,21.0,11.0,99.80197046791058,57.69372784039386,102.07049272841031,154.4252834626011,49.44643465823388
16.0,6.0,19.0,14.0,27.0,28.0,30.0,10.454450778057712,60.686412569688144,155.12655505128424,92.91588011405547,50.255407754242356
6.0,0.0,7.0,15.0,30.0,15.0,8.0,134.60263935106008,126.73082603921524,60.243378320547315,177.03379770708355,88.0878299734303
16.0,-6.0,31.0,10.0,11.0,3.0,15.0,157.0915808950746,125.0446766842938,0.6631169539119908,171.9523457430215,22.5997197861902
10.0,-12.0,3.0,3.0,24.0,30.0,29.0,67.06169090966539,130.72209423187363,31.548978125098426,139.88713142453412,41.59422175038443
-7.0,3.0,17.0,4.0,25.0,32.0,19.0,50.5422635433749,188.96672802301615,51.333954505087796,32.75486817889395,121.57235819437737
15.0,-3.0,5.0,28.0,23.0,12.0,27.0,102.10786012979744,55.18481142639742,153.53479332186603,184.3244777364634,7.880917658808073
-5.0,5.0,7.0,4.0,9.0,25.0,10.0,188.51826980248205,191.6267684115068,37.22577316175821,33.496119617287114,18.044108001788416
6.0,15.0,23.0,33.0,12.0,20.0,8.0,181.8239150458053,98.46395025464061,8.05585096013617,41.35172469238748,26.24080751091973
0.0,-14.0,6.0,9.0,22.0,8.0,25.0,111.49408503432498,64.38137632338443,124.20836549445644,149.71535412278,148.64510687399473
-14.0,5.0,24.0,25.0,30.0,26.0,19.0,102.92457232667664,196.05522153792208,63.22920328219082,153.0557142942571,72.43899997616026
9.0,11.0,31.0,30.0,11.0,22.0,12.0,129.34467240159972,99.93838193516883,132.83944534608463,7.996042038195927,28.52109361814925
13.0,13.0,26.0,21.0,33.0,22.0,28.0,177.34802095710634,114.90069395690725,30.561699881396876,137.5389199034476,135.72971617672636
1.0,15.0,32.0,12.0,29.0,22.0,16.0,62.387966890194924,0.34662278477981534,153.80813072872476,144.15396377578992,183.75569534838573
10.0,-6.0,29.0,33.0,14.0,20.0,30.0,27.46103136057716,32.72582950657146,139.40597874607266,154.82450703482863,35.606829576052434
5.0,-1.0,16.0,20.0,26.0,24.0,22.0,66.77448023105283,172.99865371696953,63.45481760894251,165.8957608747983,71.7946156683627
-13.0,8.0,8.0,19.0,9.0,28.0,21.0,108.83815252157912,92.84851089667836,61.52334323870994,189.02300954934626,91.81789801909179
-11.0,4.0,16.0,17.0,15.0,10.0,22.0,170.6871485287235,16.98139886651353,149.97683558741812,152.6037869738812,170.84949297509155
8.0,10.0,26.0,5.0,18.0,23.0,33.0,165.57257719213746,144.57821096397768,35.43263300468793,199.88452333531512,141.71928988731113
-10.0,-16.0,5.0,32.0,2.0,27.0,15.0,136.74966454352227,105.33392686352154,34.80644200923726,13.68287666443624,183.5622685101449
12.0,0.0,3.0,24.0,3.0,5.0,28.0,78.46750721964315,94.53419440375666,167.95298481184867,26.801526065885195,72.17719091525167
-1.0,-11.0,13.0,27.0,7.0,21.0,16.0,198.80971180102344,18.257005727756482,194.19664504912288,16.0642079573186,170.55755990945036
-2.0,11.0,10.0,11.0,13.0,9.0,8.0,55.40453441015851,9.502694515713772,151.3939470265849,117.72867301765264,15.87348451520587
-1.0,6.0,11.0,18.0,21.0,18.0,26.0,194.84579669470554,147.88049992620432,53.50796301124803,50.354884758208925,156.68207218194712
11.0,9.0,13.0,18.0,16.0,3.0,2.0,185.42274818190344,53.59038278416604,73.73737062210495,122.03390876735367,195.09033303586318
3.0,1.0,17.0,20.0,27.0,10.0,23.0,59.91355000204739,139.91134399070313,46.77651876778104,192.2588346991802,140.6953145973889
-10.0,16.0,32.0,30.0,6.0,16.0,13.0,60.10170898398912,8.917359185214547,93.2167040372929,35.56881809804713,104.83674952737793
7.0,-5.0,11.0,31.0,2.0,24.0,18.0,9.232792508642152,54.34225718768428,3.119737597197836,21.878721853215154,91.7681993693358
10.0,16.0,19.0,14.0,30.0,22.0,21.0,147.5137384996857,77.97247789573088,16.13885365286485,36.702897032250426,84.75170952916838
2.0,-13.0,17.0,17.0,26.0,26.0,15.0,51.51654127695793,57.078548524525694,99.38621575621237,137.63052375569865,107.78451356750416
11.0,1.0,32.0,6.0,11.0,3.0,13.0,38.03716575521916,72.15904828380229,32.567573804144835,47.40894013983492,66.92296372368438
1.0,2.0,4.0,23.0,14.0,10.0,28.0,154.37074589976075,172.08682610946846,11.684532823031436,91.55725069191911,86.77565934325521
12.0,-8.0,11.0,9.0,16.0,12.0,19.0,83.43362627185316,132.58266545438357,41.24372347384349,12.109716772365031,190.40352079064783
-12.0,4.0,27.0,4.0,8.0,29.0,25.0,44.51084365940841,30.97673411759898,2.352764635990967,137.83477714026992,62.48773350180981
7.0,0.0,18.0,26.0,28.0,17.0,33.0,139.60010429278512,38.088982729828835,170.62879605186498,33.20886730122747,124.67357857100029
15.0,7.0,15.0,8.0,7.0,24.0,21.0,107.95860726916725,6.551380984923538,140.5130777299852,150.459273416939,146.82777340367
-15.0,11.0,29.0,26.0,10.0,14.0,20.0,7.653193298612071,20.662611042845235,123.2405576288185,164.99670128513208,114.15242012569722
-12.0,8.0,24.0,33.0,2.0,28.0,25.0,188.74212960501052,166.31471096709166,14.405741282200712,4.27147310666165,194.66350450473672
-2.0,0.0,14.0,7.0,27.0,12.0,19.0,111.18112699016778,40.92935969188603,118.66892107738272,186.02397577283656,10.165153272531867
4.0,-7.0,12.0,32.0,2.0,22.0,16.0,60.291034704016,49.16311621913341,12.911236034417994,62.518297072959996,80.33562976040973
-12.0,10.0,30.0,33.0,2.0,22.0,29.0,194.8717420168848,157.69859157843297,120.76649027930335,10.605872995596432,174.08020513920823
-1.0,3.0,6.0,13.0,4.0,5.0,32.0,46.34993153727447,139.35088408760654,193.08133414423637,86.49696128475534,180.54699813796503
11.0,12.0,16.0,23.0,23.0,5.0,20.0,35.79478281486439,137.3712266157506,68.82164520732945,117.3238018663547,13.441782663760282
8.0,-16.0,19.0,23.0,31.0,4.0,7.0,161.9875753631651,6.847268369014503,130.55412372244223,45.54908936161346,3.392476862143412
7.0,-1.0,26.0,11.0,24.0,26.0,20.0,110.79552541696245,117.77629545115384,113.8072425244618,64.23226173971987,107.59058362269633
15.0,-13.0,10.0,13.0,32.0,15.0,31.0,135.21610221756373,113.03489745119724,84.91583375405902,180.68127663728097,168.6908619094752
-1.0,10.0,11.0,27.0,10.0,32.0,14.0,130.47736476224213,145.31955027872795,164.30698804893458,127.79361534988381,199.71317753108872
1.0,-10.0,28.0,5.0,15.0,31.0,21.0,188.49437991004027,97.76410550132564,69.69656173564798,75.88486891050658,126.38229769669694
1.0,15.0,13.0,24.0,19.0,8.0,17.0,184.89153439235932,163.12777170895268,129.66687531933664,199.78517188593338,175.7099644323726
6.0,6.0,14.0,17.0,17.0,4.0,15.0,49.35046543674888,0.9991859796623315,17.071278232276743,54.25577623421436,53.026179844443156
-16.0,9.0,20.0,15.0,23.0,20.0,22.0,66.1016029881865,140.352955272913,157.3037811103876,169.2925475481456,105.59729149390147
11.0,16.0,23.0,11.0,31.0,14.0,28.0,41.17300166887943,131.01338212215953,196.64169844767335,185.33795789475437,175.52985120481952
12.0,-3.0,16.0,17.0,2.0,30.0,24.0,43.81480360527172,127.86808689693498,177.45708087036934,119.07782288981785,179.8119490939483
16.0,-8.0,11.0,32.0,25.0,29.0,20.0,197.92466091883463,99.51990467211202,113.00408667433925,125.00054028791301,32.74368582115728
-16.0,-13.0,11.0,3.0,10.0,5.0,3.0,88.78651080838414,33.71603010176767,89.85068264652405,20.021104217940767,114.23455240028034
3.0,3.0,24.0,5.0,12.0,18.0,21.0,48.5719121096629,69.62233124434019,93.35306340490952,148.64947534614726,69.1295269479934
-2.0,2.0,29.0,33.0,29.0,19.0,29.0,8.025050566331537,50.608256162864464,191.0570815702635,60.524849034932224,164.32043624773772
2.0,-14.0,13.0,21.0,6.0,10.0,22.0,121.33158032429179,33.475654628924566,110.66446396987058,110.36661334852514,111.97527855732403
6.0,-7.0,27.0,5.0,5.0,9.0,18.0,163.08223154700033,145.30400198907427,122.19326915652877,3.783219639506896,63.28032861223094
0.0,-3.0,16.0,21.0,9.0,18.0,32.0,142.7710641178939,81.02945438490217,190.30514101073933,153.2315543170393,94.67069484684474
2.0,-11.0,6.0,26.0,25.0,31.0,30.0,160.5203265870253,5.078794035430101,64.05414750278157,192.50286055405172,96.19564636730837
16.0,-15.0,25.0,4.0,25.0,15.0,13.0,90.73170791573892,100.2224070887491,174.03050831796952,29.591500817855177,81.5484811223946
-4.0,1.0,3.0,4.0,21.0,25.0,5.0,194.330834381154,199.92398199782454,81.10986868313574,98.36288511335837,127.93125158279277
-5.0,-7.0,21.0,15.0,10.0,22.0,4.0,168.15269443212,5.267357841193676,135.35643095788606,22.5085947775427,60.18463866654407
-6.0,-1.0,25.0,20.0,19.0,18.0,29.0,69.42629569223753,88.95545715342045,135.19775764614135,31.660054761166446,107.54163422160828
12.0,-15.0,25.0,33.0,17.0,3.0,32.0,131.77852566491953,165.28685095463774,136.67107145128705,22.53998087711866,77.00431826711586
-1.0,3.0,5.0,13.0,29.0,27.0,4.0,197.62761043205268,57.42439448395831,38.50429582215862,65.00904560206517,65.06306140662225
-13.0,2.0,31.0,33.0,17.0,18.0,22.0,90.7245402639333,45.43211692372226,158.2648423766605,3.9069815992510026,63.405786062965944
-11.0,8.0,10.0,24.0,9.0,20.0,2.0,184.7938300812284,181.11613381403163,107.59729332591903,14.793273501719217,10.857861909952193
-1.0,-13.0,15.0,6.0,32.0,7.0,28.0,172.6306467166723,64.80549680499384,0.5177747932114007,22.926528152496516,112.38390632437742
10.0,-9.0,11.0,29.0,29.0,13.0,21.0,152.76547641941303,107.55912048348655,0.07463975253982902,5.042628127559956,195.4506252985482
1.0,9.0,14.0,27.0,12.0,16.0,18.0,162.517363308117,191.00554285261077,8.814707014083556,37.54961687962479,85.82776262016839
1.0,10.0,2.0,11.0,10.0,11.0,6.0,148.01449828550275,65.65459508257403,149.1224516664677,128.50523232986052,76.07426912174395
-16.0,-7.0,3.0,5.0,19.0,23.0,18.0,36.762566920424874,111.06710816076861,47.98949296571191,117.54960801923909,196.39875593574723
-4.0,-9.0,17.0,22.0,12.0,24.0,19.0,127.6468508899594,130.6388671429298,26.642610002652756,145.08107167145,14.011141455681496
-5.0,-7.0,10.0,12.0,22.0,6.0,25.0,95.23657580090625,16.897996669865666,111.86665622772772,15.091833570724656,119.78854512441795
-14.0,-2.0,8.0,10.0,23.0,25.0,24.0,82.76984813729595,106.11911950560614,176.84161170901356,156.45239378650388,162.21418181279316
-2.0,10.0,9.0,27.0,21.0,20.0,19.0,70.81315831918641,145.26877519578895,178.9505253773378,186.39620835283642,159.49245387622238
2.0,-3.0,6.0,29.0,3.0,8.0,2.0,196.1382382820042,121.2683272973309,155.17395887298434,41.85595813357534,136.00276043810845
-2.0,-8.0,23.0,4.0,23.0,2.0,31.0,191.83391895431689,41.95489224618927,103.61793097812864,129.3448323734477,144.7904004257184
5.0,3.0,11.0,15.0,8.0,2.0,26.0,163.95399435909192,91.75938972230948,96.90692188504775,170.40090241660772,114.88657277708656
-2.0,-2.0,10.0,32.0,30.0,6.0,3.0,8.43351522116551,85.69944900518993,34.36411222441562,88.01684380540738,102.5071435909727
9.0,5.0,12.0,10.0,16.0,28.0,6.0,67.7400228756353,80.87013734244988,94.39445691390884,160.28947397715694,184.26068237993834
-6.0,14.0,32.0,31.0,28.0,18.0,9.0,11.856551581721074,174.07143190804527,116.05984505829512,70.55865460011799,0.7997598390985017
14.0,13.0,5.0,16.0,17.0,9.0,32.0,121.26626432161274,71.42163438071967,121.75065957444322,6.5178963970775605,96.93753699243757
-15.0,8.0,18.0,21.0,19.0,24.0,24.0,71.2670208907044,57.58414962552898,184.91808743689216,102.73686731994911,124.57198721992428
-10.0,-2.0,28.0,15.0,11.0,14.0,10.0,138.31142928925453,0.5079042077401175,104.16997843461444,101.30676419047069,51.45326547591402
-13.0,14.0,5.0,28.0,20.0,31.0,7.0,74.03167930881021,68.75618498058009,148.11267556177881,171.2660475638037,60.44010864433693
-8.0,-11.0,3.0,28.0,3.0,30.0,8.0,135.10107744748353,191.1140574940519,77.48677028316922,15.72986423315239,140.66081997408565
-16.0,13.0,26.0,6.0,12.0,24.0,22.0,28.512650689840257,185.1589165193114,147.1824658027551,171.86238907843682,1.0656334203253515
-16.0,-5.0,4.0,13.0,15.0,12.0,10.0,193.2993265683979,46.9053827454287,112.28221528644615,19.78801911301151,30.954298678243973
-7.0,10.0,19.0,16.0,2.0,26.0,15.0,198.66458899977368,106.57503355685272,67.2562871162049,87.42144455314431,157.62552904443018
-12.0,16.0,18.0,19.0,25.0,29.0,33.0,54.44988888479809,4.191183814573307,93.75694219756143,196.79747457074728,48.34712641509278
9.0,-14.0,19.0,13.0,17.0,23.0,13.0,43.920416213521875,110.5271445587318,102.0194298685458,79.0790514156062,41.48553116303448
-9.0,2.0,22.0,4.0,26.0,16.0,33.0,113.13899170326418,100.60263702709298,47.85982603558927,186.62097679737786,183.60182992196863
-6.0,-5.0,18.0,25.0,22.0,17.0,13.0,153.7937525375512,19.80256452447744,176.1854882241321,102.33497849510019,5.3279108579835865
-8.0,-5.0,33.0,22.0,8.0,27.0,23.0,186.52200417113394,78.32336064410299,67.19285908692586,78.08183063001499,114.07499102695424
-13.0,13.0,15.0,27.0,14.0,17.0,17.0,13.811063427583514,100.23861877505715,164.37854056857898,4.6080395254874285,89.58226746901659
0.0,-5.0,6.0,26.0,23.0,18.0,17.0,169.69959153676618,5.470832014052607,80.95110613709227,115.03502929603124,23.684014084769633
-8.0,-14.0,7.0,19.0,21.0,22.0,17.0,119.00800133602698,106.04575911370083,143.42056734164254,33.92955356457901,2.167965202528732
-10.0,-8.0,8.0,18.0,6.0,6.0,19.0,129.4218717847653,87.84785806829565,172.3048849014783,89.7920108043327,13.376491951577485
-10.0,-11.0,27.0,33.0,24.0,14.0,20.0,34.63851397298456,16.423044045470302,189.64642128281423,55.80004972037356,19.40249171859303
8.0,3.0,4.0,6.0,14.0,30.0,29.0,38.676205704958086,141.90045790208413,141.73320558517273,61.88387372816353,94.67723133112594
-5.0,3.0,5.0,31.0,12.0,32.0,26.0,182.4715843379068,170.9309548278586,73.27328847330436,133.41118214996143,184.19253210993008
-12.0,-9.0,2.0,30.0,8.0,22.0,23.0,54.57546044389539,191.2993045685318,183.67935651200597,60.08339743950395,192.21062069024828
-10.0,-10.0,14.0,20.0,11.0,33.0,6.0,140.11896319328807,167.47038394898166,18.78384822972219,148.02933377094956,136.27696139864847
13.0,-2.0,6.0,4.0,10.0,23.0,2.0,180.56846718908562,62.01230614746498,129.00557030443892,65.74204024746042,43.67110736066353
7.0,-5.0,16.0,28.0,8.0,2.0,23.0,166.54014733543553,111.14604906640517,81.47356994228787,97.45136701375787,175.97266728739783
-3.0,5.0,18.0,6.0,2.0,15.0,31.0,3.4772637980005516,89.3747321461104,30.220965140800903,85.00546608267582,51.28809331963924
1.0,-13.0,27.0,3.0,14.0,12.0,23.0,57.983941571469934,172.26445590495481,0.04458261696327348,119.06647271648376,167.13015088951536
6.0,-8.0,21.0,23.0,5.0,3.0,18.0,109.83819579510497,35.477635400343054,45.72888697080744,46.21723167674461,165.03497520254564
0.0,-16.0,28.0,7.0,10.0,9.0,32.0,10.508656286905026,128.17200677282977,58.54449085682549,26.775600108780615,99.3301456247459
10.0,-8.0,26.0,20.0,16.0,33.0,13.0,173.71557730261028,144.1596115173922,167.99744820033413,49.092543372443174,88.36212845938627
-9.0,-16.0,18.0,8.0,9.0,5.0,5.0,16.0512681269531,70.64118698391621,91.5966649072031,10.60697477004291,197.52964904507522
16.0,-7.0,28.0,18.0,32.0,4.0,28.0,32.45916252842234,115.40127951609689,60.50395944188294,129.49691767371965,132.47059540797716
5.0,3.0,11.0,29.0,17.0,29.0,33.0,166.60774248920745,12.409872770351328,123.87026403630948,46.85362908574251,125.6727572906322
15.0,-10.0,2.0,20.0,8.0,29.0,4.0,99.71370845326287,0.1916495125232398,77.2358130381677,170.5930813507999,146.30032663488694
8.0,8.0,16.0,27.0,26.0,26.0,5.0,43.08452286024935,17.120530893885967,144.53135807214716,159.78734327298088,33.20178671909648
2.0,-1.0,30.0,13.0,2.0,31.0,33.0,96.03207503845267,68.58952617281876,38.733982205164885,14.283948831042693,9.943530454672
7.0,-9.0,31.0,2.0,30.0,18.0,9.0,110.91694390254108,29.182098102382792,18.67940085209532,94.77035709234836,46.335013457293805
-9.0,-9.0,11.0,5.0,2.0,17.0,3.0,117.07516193885998,181.9596731984352,111.49667169166943,160.52186722367534,176.47571266674393
11.0,5.0,13.0,26.0,8.0,30.0,14.0,194.31824758693026,108.10100955547581,42.00353035482636,172.6633508051367,165.7061153948501
9.0,-13.0,28.0,27.0,14.0,21.0,31.0,88.83354341359325,138.72789398941543,170.0672984200827,83.1683687297453,95.730911933604
16.0,9.0,4.0,31.0,25.0,19.0,31.0,30.015953827855093,29.69181081440766,55.4715542542735,86.9161803325401,100.71007756928381
15.0,-1.0,28.0,32.0,8.0,24.0,14.0,38.95711217951645,16.939066044610307,195.70536631570334,171.26508203014606,156.5200579334191
-7.0,-14.0,24.0,23.0,28.0,30.0,31.0,108.53151391552423,31.288647880039356,187.08063880716028,95.5170769338802,21.799048434698022
-7.0,-3.0,21.0,26.0,33.0,25.0,14.0,181.71129493267983,184.35186678496308,4.195419693560765,75.64641960136791,157.3881904258628
-3.0,12.0,21.0,15.0,23.0,31.0,31.0,29.338152155114173,166.94320148511423,170.02714705038503,196.9723123622687,162.6027803143995
0.0,8.0,12.0,29.0,5.0,10.0,15.0,168.27479240812906,180.93170410901,5.330144194147035,89.56943990948965,11.781687130605878
-2.0,4.0,23.0,12.0,30.0,18.0,26.0,109.66144674216677,123.02135545126586,196.6346804948834,77.52715746672163,133.84754605803212
7.0,15.0,24.0,21.0,16.0,21.0,31.0,70.49648074436313,78.18639572027419,89.61185249668351,11.204033237560962,106.9673476765742
10.0,-16.0,22.0,4.0,20.0,19.0,16.0,85.60003131073735,77.73505834122874,161.14926417520078,8.478182647503974,127.71254219080306
10.0,4.0,18.0,29.0,29.0,8.0,30.0,59.060859303252485,30.02218441150959,2.0975751911169294,13.320751909313898,141.2601370078831
3.0,-3.0,22.0,31.0,6.0,15.0,24.0,43.20034519349918,77.88220526251199,190.40380549617353,56.946411853695025,89.19043098986288
-6.0,-5.0,14.0,16.0,28.0,8.0,29.0,104.7094589306479,168.1894683419039,138.2873058023944,97.16396615956604,30.86844184919095
12.0,13.0,29.0,25.0,21.0,9.0,13.0,5.941558699367966,117.27085519233252,6.4144999896941,85.16871004387569,196.8192971547446
9.0,1.0,15.0,32.0,9.0,14.0,19.0,33.095102906093324,112.22316047424903,19.18644381466812,1.4383468846872693,150.70791062670907
2.0,-2.0,19.0,18.0,6.0,13.0,33.0,23.608940199379134,106.81493107752034,115.73182516236804,133.96541638345258,151.06334758332886
-2.0,2.0,15.0,20.0,24.0,10.0,11.0,162.41330638509487,105.18874194415608,47.007269464244025,130.13208377478728,69.37262568383208
7.0,9.0,9.0,8.0,19.0,11.0,10.0,110.26536838958872,190.71353157096127,121.4440336467272,161.58700488652593,107.32818803099369
-2.0,-8.0,4.0,24.0,13.0,10.0,8.0,4.764342958584433,103.98773154092716,99.46101694128218,134.24599820502797,143.96004627862513
4.0,6.0,29.0,33.0,24.0,12.0,9.0,7.096425100783521,149.68804513323477,173.68187457499607,139.44301121369222,14.672961202764089
-5.0,-16.0,19.0,18.0,8.0,29.0,10.0,121.79322857304822,43.48235860988125,6.6411927560267925,33.64185854151734,155.59377085111075
10.0,2.0,6.0,16.0,6.0,25.0,13.0,39.95950544325937,71.304297532146,171.81592450170973,9.274098138589814,144.50171640626385
-13.0,16.0,22.0,25.0,18.0,22.0,29.0,36.332397983697675,13.346541692071213,18.016688311343977,109.04212473673005,108.87633751317212
2.0,14.0,24.0,3.0,23.0,13.0,23.0,36.59030441938267,162.23846120057,147.36119886109893,109.18962902689135,64.13009102303515
-9.0,-12.0,9.0,9.0,18.0,20.0,7.0,50.601509309122946,87.20061832259401,111.2452952552834,87.23218477078711,58.20200201267929
2.0,15.0,14.0,16.0,5.0,13.0,25.0,197.09476811022463,189.5962157029976,174.10348077236122,104.4176210348067,41.75605782113321
1.0,-8.0,2.0,6.0,25.0,11.0,31.0,158.63496014891444,29.621273945895332,108.77388373711305,29.01406176144865,79.01438761346131
-13.0,9.0,22.0,33.0,20.0,17.0,21.0,25.57396796314093,73.27013734184698,135.05570474651594,30.412707307576103,161.73749176522458
14.0,-7.0,17.0,9.0,13.0,23.0,30.0,155.37866313332637,86.81522371809494,132.39947565127588,114.11586025308074,70.19000691356447
-6.0,12.0,31.0,33.0,19.0,30.0,9.0,106.16641021000959,186.6574380423106,87.58744624149597,3.695434793781116,171.3720143209404
-1.0,2.0,14.0,17.0,5.0,10.0,26.0,45.578121554027426,75.1541408759489,4.800898352398031,50.227959605911884,50.73579837046982
7.0,1.0,15.0,17.0,4.0,2.0,10.0,79.61521470203184,4.674553005045534,22.12844705066841,22.905176420515396,105.93322372363747
-4.0,4.0,10.0,23.0,31.0,8.0,16.0,175.92305121542748,15.017504333243803,144.83405186397266,84.5364966521417,27.042045971827932
-13.0,15.0,18.0,8.0,2.0,9.0,10.0,171.7054957714626,182.8581544529511,109.34270618531707,199.1530720713316,141.6020527919876
9.0,-15.0,5.0,6.0,14.0,25.0,11.0,194.95771346814138,91.78216939895233,123.39644297364958,84.44109158781852,45.70016797434815
11.0,10.0,20.0,13.0,18.0,5.0,3.0,85.99761394143786,132.84053324294916,171.83431240474755,27.44683565387711,99.078830716146
-13.0,10.0,19.0,14.0,10.0,25.0,4.0,193.98382225227002,63.47136185608324,108.3803727845914,178.91855165074116,26.272903707730123
-2.0,14.0,3.0,7.0,7.0,6.0,32.0,67.72950503154442,135.23132346328364,114.90896837065092,122.55542303456622,63.53002685444407
-5.0,10.0,18.0,24.0,21.0,27.0,24.0,25.171303994836535,90.8840149265915,24.694665074245357,194.0197885496892,149.9776646479527
6.0,-11.0,18.0,18.0,11.0,28.0,5.0,142.30154423581325,74.3340954955616,64.5238874914508,183.5654953726421,69.66803847852981
1.0,2.0,30.0,10.0,5.0,4.0,13.0,37.837099389583905,169.42331195014185,31.66191958239861,180.00711819096057,182.43218907197394
11.0,7.0,20.0,5.0,33.0,19.0,24.0,55.572383411278395,26.86344484355385,184.7749257171156,84.10054021483298,148.0866499937831
-11.0,-2.0,13.0,27.0,31.0,17.0,9.0,79.92081891543246,53.729641710472364,51.56785013795706,8.159938541457489,14.967330161637316
13.0,4.0,10.0,32.0,15.0,31.0,15.0,85.7133770399545,187.9081837881163,131.22065672183228,135.48424862864178,27.84437090366034
7.0,-12.0,11.0,3.0,13.0,25.0,25.0,136.80886533155189,174.4960442739652,46.998014749009556,143.0869062374578,132.55367584105454
-15.0,-1.0,14.0,15.0,24.0,28.0,10.0,128.3207597170983,70.20123501210571,68.96412421532916,71.82215181271793,51.08154402035823
-10.0,10.0,15.0,27.0,30.0,12.0,31.0,26.9351790622572,141.48316173564325,113.49841095372832,194.38807388396125,5.832905365184349
4.0,-2.0,16.0,15.0,15.0,15.0,21.0,51.85790661862042,64.73118235111663,4.869426015953682,155.64145849947494,67.96142768124254
6.0,-16.0,29.0,28.0,23.0,7.0,29.0,179.36211339373432,165.23543870805395,138.46094339621487,130.40584071523568,53.11715086755741
-11.0,-13.0,19.0,10.0,20.0,14.0,28.0,116.15203313456321,192.13466576937518,7.818318822717929,97.35032676262728,72.43871162691508
3.0,-13.0,3.0,17.0,27.0,3.0,4.0,16.900609063566165,77.57141082089387,100.4166636387932,57.885630603272986,35.75719511067974
-8.0,0.0,32.0,16.0,25.0,15.0,12.0,176.3502656868054,191.92283613653183,32.275946311259275,166.18486619100335,118.1670820384497
12.0,-16.0,20.0,21.0,14.0,20.0,22.0,28.41952270765582,42.973956790636,168.2833119993036,179.15546289048442,91.25368595358232
-15.0,5.0,29.0,32.0,20.0,9.0,25.0,43.94223688510635,112.47223143577516,108.6158089453137,141.12875889538662,129.74065183052775
-3.0,-16.0,24.0,24.0,32.0,22.0,3.0,47.11495681528255,114.79900630486736,71.83110530582022,47.730089545631,44.81963560772364
1.0,-8.0,31.0,22.0,7.0,28.0,12.0,65.72786128054908,173.17885822726618,116.85345744375218,51.11560951511773,78.60409666807111
-16.0,-11.0,26.0,7.0,7.0,20.0,30.0,142.153383499595,192.8402297330821,182.2642281785802,129.76186609327135,191.7571152426524
-15.0,-12.0,17.0,26.0,24.0,24.0,31.0,51.7134383991527,141.0585582268018,8.92553484911318,27.264182688981077,8.725360608823207
-13.0,1.0,28.0,11.0,2.0,31.0,6.0,39.65835129503379,160.87939165762012,128.66510555318598,140.38955451584775,108.73003587115426
10.0,5.0,32.0,6.0,2.0,16.0,7.0,174.01532384943343,199.19544388219046,175.76641614033753,76.89681826376022,98.12842581346841
0.0,-4.0,4.0,23.0,33.0,16.0,19.0,60.87837210985201,195.78341610352157,75.86528041789475,156.49204448385404,38.69671655905045
15.0,-2.0,17.0,28.0,12.0,8.0,24.0,41.10474944172553,179.62156591636565,94.50408604456196,24.14731594121724,63.128546742343005
-10.0,8.0,19.0,27.0,4.0,33.0,33.0,114.64585753174204,12.426818546222496,121.32070066998406,165.7210755634683,171.32620583958578
11.0,-2.0,32.0,30.0,10.0,9.0,21.0,8.052787989079157,29.886618845016464,15.338942233196008,188.19228216849905,168.8777430328053
-4.0,-2.0,17.0,12.0,5.0,23.0,6.0,115.1479601741004,69.1239127992262,187.7964424037047,26.726813866087017,64.02218679681827
16.0,-12.0,21.0,22.0,27.0,33.0,22.0,66.28116001095921,33.668271991362865,22.28919736535142,14.171507129553351,188.70512822844708
4.0,-13.0,33.0,26.0,12.0,26.0,33.0,92.76275777287464,182.26439468863055,109.89393679266004,189.25583066581314,102.59917018651564
-11.0,4.0,31.0,12.0,19.0,3.0,4.0,196.45574076147872,140.89404966758846,6.227701110795825,129.78451588492658,95.14492043680136
6.0,-11.0,13.0,12.0,14.0,17.0,12.0,160.91228267376525,181.4049324020658,112.69242730650204,184.08057084126378,131.43658269191445
4.0,-3.0,31.0,30.0,33.0,20.0,23.0,149.16130926086893,31.612707423168153,190.76898518775693,38.44035992050381,176.7741265297132
8.0,-5.0,24.0,25.0,3.0,15.0,10.0,122.31813964994001,166.46072357350084,82.95949961003275,79.76286207890864,74.92483672388805
-3.0,-1.0,6.0,27.0,27.0,13.0,24.0,56.45452113383982,8.191444735214247,18.822387413155695,86.51823240643573,35.5722777140846
-1.0,-13.0,26.0,19.0,22.0,33.0,2.0,145.0292117805923,103.96178500759837,154.3836942742752,94.075420419319,2.541281358578451
5.0,7.0,30.0,20.0,20.0,15.0,15.0,85.96150920883238,114.18538727051819,4.316799789835213,49.61373490779422,171.40515491814998
-16.0,-15.0,29.0,19.0,6.0,2.0,15.0,8.509254593419113,132.15765155832514,17.71309184724652,51.0643236367049,30.216227583532973
-8.0,10.0,16.0,6.0,17.0,14.0,26.0,76.25686971642335,36.99626705556358,139.80359814943003,35.67446833865411,161.8227157250499
-3.0,10.0,22.0,2.0,22.0,7.0,31.0,12.87314613505297,183.1281093291235,137.85098278214005,17.350112869897337,134.05309142742146
14.0,-9.0,28.0,11.0,28.0,33.0,21.0,85.6428468827259,30.821379262274505,41.36764384340479,67.40455872437832,168.1209933612212
9.0,14.0,4.0,31.0,16.0,33.0,18.0,168.02176475173968,49.04795140673599,55.36823548305971,199.61712938921033,92.99480542801955
-1.0,-10.0,27.0,16.0,31.0,28.0,24.0,110.79412192385225,80.08754169209868,120.21245071326041,74.48547476189171,59.81811359215561
-10.0,2.0,32.0,11.0,5.0,15.0,24.0,54.74741141824351,5.5563104401118,183.30898391377332,100.0204317868606,5.619619884202476
12.0,14.0,15.0,30.0,19.0,21.0,9.0,140.34138202201336,57.11247538764008,170.71867824396983,173.07016774890232,1.0731401004262286
-16.0,7.0,4.0,31.0,19.0,30.0,5.0,139.136226919626,170.1169503138832,87.10633233271679,52.80758003499535,102.52971401485081
-2.0,-4.0,12.0,14.0,10.0,5.0,13.0,1.119090766196229,76.2202863254251,124.52855819428711,93.7294496298025,146.3544423731181
-6.0,7.0,17.0,5.0,9.0,2.0,17.0,7.282279753942156,165.26895602973627,175.97175435410895,35.75310736525539,94.47218206586778
5.0,-11.0,22.0,28.0,9.0,4.0,5.0,9.752564134864162,112.35303628253266,96.73279937974195,119.89128713411326,193.48146181350373
-15.0,-4.0,2.0,24.0,32.0,16.0,10.0,42.59422725709898,2.630905546934792,145.48561979761473,17.602833526776163,8.257086194587181
7.0,9.0,23.0,15.0,30.0,31.0,7.0,6.966132914797107,14.521385463318094,38.3745723413645,44.56502731736296,68.30403628540836
-6.0,15.0,4.0,8.0,12.0,33.0,21.0,127.95157507525418,29.429011553936135,149.12037679271188,165.32081933549128,37.8290268252762
14.0,-7.0,23.0,12.0,18.0,2.0,9.0,29.247508762766206,81.51001963214077,129.0816425586661,22.392104706753948,146.93974458510104
-4.0,-9.0,31.0,6.0,27.0,32.0,29.0,24.819438656211968,15.075819029933669,129.75595234394675,13.102683710897933,125.8487176306315
14.0,7.0,4.0,27.0,6.0,20.0,33.0,18.951206918706443,139.12499232523797,148.03068174913403,81.7095133039287,29.74764088041102
-10.0,-9.0,23.0,11.0,8.0,31.0,19.0,42.706409683131795,33.712600160544135,45.58043932888831,121.85669902048505,62.021483058187265
-7.0,7.0,9.0,9.0,15.0,26.0,30.0,146.18186893395992,156.5730268715591,161.71305931176363,195.54950397172516,154.22937723659876
-1.0,-14.0,22.0,12.0,14.0,19.0,12.0,155.28184532151465,156.68840457775042,181.28837639705512,113.66745525585628,177.70184410487025
11.0,11.0,26.0,5.0,13.0,19.0,3.0,179.0191839373101,143.2764114366674,135.53908249350968,161.53830095479617,69.88523026219285
-3.0,10.0,12.0,31.0,16.0,18.0,10.0,30.52345399113858,73.78026041770892,158.6368656451765,64.1924219546129,66.79450222787094
14.0,-4.0,18.0,30.0,16.0,33.0,25.0,94.45633239950307,193.85042492582585,4.386164378755408,91.51259781647106,135.91531005260887
12.0,-8.0,3.0,16.0,12.0,16.0,32.0,104.66969635603579,180.77467296963775,172.10926874920307,180.79315760653748,55.245867234868975
11.0,13.0,14.0,25.0,3.0,32.0,15.0,62.78148028257837,36.74757533679636,47.22130223445635,102.39452651976066,152.32454861903128
1.0,10.0,11.0,26.0,14.0,33.0,30.0,137.52588710266772,176.59046053167114,76.89448117309934,195.34491038625174,78.29954485829573
-4.0,5.0,31.0,14.0,2.0,23.0,15.0,99.55882499461104,186.02005755726637,99.77683542719977,103.77144078622113,194.22116209154473
2.0,14.0,12.0,22.0,20.0,2.0,19.0,111.25889752400535,196.10738370744644,82.32716559505133,198.6765030215714,92.3870158802491
-8.0,5.0,16.0,30.0,33.0,5.0,5.0,66.07711843338902,90.26200398077195,57.430491431020926,192.74415720748252,68.77119939803742
-8.0,-15.0,5.0,12.0,9.0,14.0,32.0,144.80173916317392,65.96128104535933,25.85876529529021,72.49872536324551,199.28393333637337
-5.0,14.0,26.0,4.0,30.0,26.0,32.0,45.32592866583671,108.85438237405248,121.33079639105009,109.11887423726508,185.98653734157554
7.0,15.0,16.0,17.0,31.0,3.0,10.0,93.5480759721782,97.7551072774701,29.412390611074546,115.98204243161756,147.48150762199944
8.0,1.0,9.0,16.0,19.0,23.0,21.0,11.131354542451689,89.48380323923304,76.16208405819289,170.24344381585115,107.90675516115607
5.0,10.0,6.0,20.0,22.0,27.0,12.0,82.8509518002881,162.90409116964523,187.79707619113037,5.929379916939026,197.10853134685001
-3.0,-7.0,11.0,21.0,31.0,2.0,14.0,98.37504063820563,108.41941646046615,193.12794304437705,88.94933020003677,166.3172336725122
5.0,-8.0,18.0,27.0,10.0,29.0,2.0,96.49187828659795,14.91752398696924,28.79383329524967,127.04433378420066,129.7074984476461
1.0,12.0,24.0,16.0,15.0,18.0,30.0,178.15883702894945,0.3860966849157821,100.28597463346784,166.04824945661454,111.43649622447016
-1.0,-2.0,23.0,16.0,9.0,15.0,31.0,77.25062141151943,157.34745951770424,100.73831501329423,71.82494278419342,55.18619232074373
-11.0,-5.0,6.0,12.0,29.0,19.0,3.0,182.7666205538755,169.8158896545984,150.35764943518672,150.7619860648015,61.88640222538546
2.0,3.0,21.0,30.0,15.0,33.0,17.0,124.27154049408469,166.9998164529258,43.8581918967428,14.08968645932902,9.906572893075104
13.0,3.0,17.0,13.0,25.0,17.0,14.0,89.6982701128834,33.03540132186764,41.86140504113931,111.73378017106134,87.99294947048486
-5.0,-15.0,2.0,19.0,25.0,26.0,13.0,13.841880582643107,3.755279998459349,73.47944852904193,7.124155672319454,24.473565445626978
14.0,-3.0,2.0,6.0,26.0,29.0,4.0,9.786347318127397,48.46294929204564,100.6956587550681,66.90544822987083,43.84758296574562
-6.0,0.0,4.0,16.0,12.0,9.0,32.0,120.4018479143441,177.37050109909035,92.23117979456192,133.8913453435993,47.14837915879295
15.0,-15.0,9.0,5.0,24.0,21.0,17.0,60.68834546205573,25.908430469977418,77.17846011446755,97.45293347129764,185.79549490246754
2.0,-16.0,26.0,21.0,16.0,30.0,33.0,11.460330589882496,29.136223825036488,149.17191576072665,114.3346604088731,114.66231795874675
7.0,15.0,12.0,20.0,28.0,31.0,2.0,133.19563930818197,196.5602140905642,150.73190145976994,47.08145485590396,183.8218602332312
11.0,-16.0,32.0,9.0,9.0,9.0,33.0,152.16931533009864,67.98196591644026,104.69320163542018,156.22796908544876,196.104889377204
-16.0,4.0,5.0,16.0,6.0,33.0,18.0,13.287178767235375,117.04936311398669,52.73588592711953,197.4649004895758,68.3402798484258
15.0,-9.0,30.0,2.0,28.0,20.0,21.0,41.243989715672846,74.34771865278631,131.31160428154396,121.54427144356312,94.76625778352872
3.0,2.0,32.0,12.0,26.0,31.0,18.0,80.62037796095274,26.313417406761495,16.053125582585935,169.55639989536314,60.19168982461389
9.0,-4.0,31.0,23.0,19.0,17.0,26.0,39.242571645878364,58.92106918106996,138.23927191194997,102.50763371000954,163.92324165161426
0.0,-1.0,15.0,31.0,31.0,3.0,24.0,175.86322845345762,144.25773871531806,82.3783883283306,47.279082512686976,66.16234521681237
4.0,16.0,22.0,14.0,25.0,17.0,24.0,103.52183804311217,52.961277666121134,22.31359306926397,165.99243288649566,192.65541415708222
15.0,-1.0,19.0,11.0,20.0,15.0,31.0,92.02907522688142,109.53474344391792,101.65677530752563,110.60842517492911,52.58725946661189
4.0,-11.0,4.0,10.0,7.0,5.0,2.0,112.64026862707281,57.43650030267886,189.22824361841185,169.61669580480662,179.70725557513575
-9.0,1.0,24.0,10.0,19.0,29.0,25.0,199.29158355147337,139.79696200857046,199.91892050064303,22.430056694252933,33.36251733601794
15.0,5.0,9.0,16.0,6.0,3.0,7.0,97.72213808898174,92.69608352972587,10.860405217156144,168.10489319764025,79.066401527892
-9.0,2.0,32.0,3.0,4.0,17.0,7.0,106.81544937592638,149.931664146663,132.0904230863489,136.7270089439361,27.21311431211142
-3.0,9.0,11.0,29.0,5.0,28.0,17.0,154.57249064413222,109.07091083523201,172.1183800259901,9.647357730900307,117.61302430105158
9.0,8.0,9.0,17.0,20.0,24.0,16.0,14.334104123814306,141.47164647045915,109.70100330809755,131.2921119780141,104.29490379593523
-8.0,15.0,5.0,12.0,21.0,9.0,17.0,129.16793024106929,192.62968677930783,47.69279338273231,195.91186839182768,110.40011862186343
-8.0,10.0,10.0,5.0,16.0,2.0,23.0,143.0866557211893,66.26447864770415,81.68359600654658,144.47775759433134,104.58342472654681
-14.0,-6.0,31.0,28.0,2.0,31.0,30.0,68.899198565826,31.553415939196427,5.205323303755294,165.55671125396253,141.30280589188732
13.0,-4.0,14.0,33.0,10.0,17.0,14.0,125.70717455917548,0.8474868555956361,40.16740676940027,74.49441862263708,52.3130607266451
9.0,-2.0,26.0,31.0,4.0,33.0,7.0,90.0930456221241,45.72333395758606,80.42125833317442,64.57640085369482,63.24041036188899
-9.0,2.0,16.0,19.0,27.0,3.0,3.0,27.305619258763556,34.02314358969338,144.0727779170985,35.146343667222894,70.59485737581035
-13.0,6.0,33.0,8.0,7.0,9.0,7.0,29.666363744784995,33.43574702657379,157.1732266771925,29.01296179734858,169.86569540663228
-12.0,3.0,12.0,5.0,14.0,29.0,4.0,72.92041046680893,13.43307145210606,186.36327737334798,143.50136470247563,154.76112154703654
-9.0,9.0,24.0,29.0,30.0,10.0,15.0,109.12453949846063,84.49448738699918,0.05980243685617115,29.156497793004178,184.38961653489056
0.0,-5.0,33.0,24.0,12.0,10.0,2.0,15.688983492479913,159.67225877630872,172.22674756590206,187.96534079453292,168.94015958726675
14.0,3.0,8.0,22.0,31.0,11.0,12.0,112.98371672787131,135.3014818737118,156.96692326269752,170.67923202647114,22.660128188534557
-9.0,10.0,12.0,17.0,33.0,13.0,23.0,44.37013742132257,167.22035936093405,20.7426749637033,28.305919438567727,75.36127513417563
-4.0,-8.0,4.0,16.0,10.0,27.0,26.0,24.195510811522823,63.84677686186863,18.699272627060015,3.1610670391502893,5.259893792397108
-7.0,-11.0,4.0,33.0,4.0,27.0,17.0,47.142666488823416,83.14808406374775,8.109187799262575,25.676676184961632,24.4364420576604
1.0,-13.0,23.0,6.0,17.0,25.0,18.0,142.7861312162419,31.03775951997512,99.04836091404896,134.259680168604,23.67146596306393
-7.0,-4.0,23.0,27.0,30.0,10.0,6.0,149.43016233626872,45.403215338922486,155.77837040958474,127.39614869815605,180.57012591512165
6.0,-10.0,22.0,15.0,10.0,6.0,10.0,78.23485673175196,90.5767057454226,178.34183046462707,113.00837775529895,180.22025951530412
-4.0,-14.0,14.0,7.0,20.0,25.0,11.0,120.51557337982813,48.87703675734316,152.7670065377055,152.24282672785225,66.16222532837878
15.0,14.0,3.0,4.0,18.0,33.0,27.0,99.49366975292992,153.53449610181406,15.283130931503308,78.26534101454163,17.670782150341058
-3.0,9.0,11.0,6.0,22.0,5.0,27.0,62.192029918623625,126.6333273379545,12.2660645862541,33.60130464369788,112.01580848467026
1.0,13.0,33.0,25.0,8.0,14.0,6.0,139.74053533660563,5.987057115651262,123.846227311649,47.74410079099909,8.626670301749861
1.0,2.0,11.0,19.0,3.0,23.0,25.0,155.63299222277433,169.72389912348436,3.715196988323477,82.21433702659023,26.195069691985463
14.0,8.0,10.0,9.0,7.0,31.0,8.0,152.37505293020024,11.647572274420948,72.06691220122723,10.595786223294091,31.236274570954414
-7.0,5.0,25.0,31.0,2.0,14.0,14.0,61.200024355190784,135.439068193943,67.29873241135988,151.03017865073875,109.1973100181223
15.0,9.0,21.0,23.0,21.0,11.0,2.0,107.74772582891178,175.79128622445901,35.83050257497258,160.66073682856913,174.68706058921074
16.0,16.0,25.0,33.0,32.0,25.0,3.0,191.59825776911518,8.57440477784095,196.81288471455775,126.64104002421286,80.8112970572634
-10.0,15.0,3.0,22.0,6.0,30.0,16.0,193.73336034559233,140.7249518896504,121.32162326420215,28.938619122066566,17.049735890879212
-12.0,-2.0,2.0,32.0,25.0,15.0,21.0,167.37796027794377,160.97047857840076,132.72429660172216,75.94323507738841,27.092853170186416
-10.0,-4.0,10.0,9.0,28.0,13.0,21.0,103.59671951831369,139.6520896253112,63.05385339796516,187.73423800008865,195.3356633431826
13.0,11.0,31.0,12.0,20.0,32.0,23.0,99.33065021893216,165.77370036994415,28.73893867337054,155.84872301067347,181.00658672639975
11.0,0.0,12.0,24.0,26.0,12.0,18.0,131.69717577172537,34.74883620245499,137.12423808486275,100.68289908006058,182.1198364338956
-15.0,1.0,11.0,7.0,20.0,18.0,12.0,103.16139197981569,134.51544566367056,2.054999406227531,176.86472912000806,105.1770641578209
11.0,-6.0,15.0,29.0,20.0,6.0,11.0,165.7193979920012,102.62130939917486,92.1644228462651,45.55619663788093,20.062869972129093
-12.0,1.0,12.0,28.0,20.0,33.0,5.0,148.00368415089986,182.14555863961414,140.57247664296582,21.539566900570218,169.44206284734395
7.0,-7.0,10.0,22.0,21.0,7.0,22.0,198.46638358206005,127.00804258202601,123.31645998220337,62.34643673858638,57.28618539192176
1.0,6.0,30.0,18.0,20.0,9.0,22.0,26.972431036321055,94.1798406931029,70.90052221247936,38.94491545626955,126.28242287107159
-10.0,-16.0,29.0,33.0,6.0,28.0,7.0,184.88904710266345,141.68016290492886,171.12930476240066,133.7053750624844,162.21009653659866
6.0,-14.0,13.0,26.0,16.0,13.0,9.0,118.0491023485899,33.97014407779362,136.5524114911522,64.78263752088864,90.42461673044633
11.0,-16.0,6.0,27.0,10.0,23.0,15.0,98.18733393678696,144.23759842938313,16.01270166061535,135.15284062061974,167.20387146211903
12.0,8.0,12.0,8.0,15.0,2.0,20.0,97.62781057346695,179.15082383901276,161.6551454744627,47.69341728482366,89.4307179867923
0.0,13.0,29.0,19.0,6.0,25.0,2.0,49.386102734491935,165.6975860362524,26.47568994617906,66.97939620948814,123.94441206604976
-4.0,5.0,27.0,2.0,10.0,2.0,13.0,151.78027946612687,79.2187498869222,104.82985889092977,173.36463765333022,81.78828400280929
-10.0,2.0,26.0,31.0,28.0,23.0,28.0,151.98633102719333,64.90670962156115,156.22001913817394,173.82896044350892,131.25099356909172
3.0,8.0,4.0,5.0,17.0,31.0,3.0,46.20185936540131,140.49583570869567,83.88564410005085,83.68709769348716,82.38278057641348
14.0,-13.0,18.0,7.0,23.0,25.0,29.0,89.69571217643431,91.17558813204647,100.77556550184453,53.72148153099459,175.2358979123644
4.0,2.0,27.0,11.0,9.0,24.0,33.0,150.61417065985887,29.36770641294735,116.24734250944407,195.3315846346638,73.90009281461793
12.0,7.0,5.0,4.0,2.0,27.0,27.0,88.34319549009237,122.05894962937012,52.41207180131806,107.14234724874356,4.369705926318779
-6.0,0.0,9.0,30.0,31.0,14.0,28.0,10.095655286973294,26.776770191200725,197.43768250435747,78.02886362320302,193.61746732851955
-13.0,8.0,17.0,9.0,18.0,15.0,28.0,70.69695353832239,159.5358799977348,142.45440159928006,190.04735599479818,108.7240371794251
-11.0,-8.0,33.0,23.0,19.0,13.0,23.0,92.07240848461691,29.144994062070005,17.125920043638885,172.27720714593184,24.51988603923092
-9.0,12.0,29.0,2.0,18.0,21.0,21.0,75.58260137436244,44.602322589748745,90.85297730982163,142.80605180557842,92.87699580959743
-8.0,-15.0,15.0,2.0,3.0,11.0,22.0,173.79646722206377,190.77521741563487,92.20807388294405,137.4092431748262,3.808779583385302
8.0,11.0,28.0,15.0,19.0,8.0,24.0,129.1298696744014,184.87846324863926,177.10546045521843,4.864043329821333,12.151606388870494
-10.0,4.0,16.0,16.0,12.0,11.0,31.0,177.4020727519928,175.66763204994442,161.39169059572728,159.13547008468228,106.05462343966529
-6.0,1.0,20.0,19.0,21.0,28.0,18.0,79.43211848068295,130.93913220913555,152.3360384697734,77.706231838773,119.53382000179344
-4.0,-6.0,15.0,25.0,5.0,26.0,32.0,147.98805960531604,185.4446285981913,80.61879841399573,71.59977906652442,93.53097809098716
9.0,15.0,22.0,12.0,9.0,22.0,17.0,152.2416066992875,38.19915770064996,37.52957458592088,6.293986429438059,68.99791365550321
0.0,11.0,10.0,14.0,17.0,13.0,21.0,150.65988948106866,141.6284359497877,87.23969884587335,113.50525541335669,9.159746058355612
15.0,4.0,17.0,26.0,31.0,26.0,7.0,176.87439516172458,161.92343933643346,157.18904378549945,89.15192727823258,131.25905078531406
-9.0,5.0,22.0,7.0,12.0,22.0,23.0,24.747636287688923,162.1310558774107,7.009725030635461,181.5660337957234,104.4134743142099
7.0,-10.0,7.0,14.0,27.0,12.0,8.0,151.1255239841597,122.45137302442066,188.5989215821377,57.23957936654891,16.694202688721283
11.0,-1.0,10.0,7.0,25.0,32.0,31.0,78.38859925677582,19.460534916466354,160.9330279316384,176.06359312933824,188.20258863124425
-12.0,-8.0,3.0,29.0,28.0,20.0,19.0,38.87139687796455,157.7747820417166,169.4997248471065,108.76850220403817,192.48240015932575
7.0,-9.0,19.0,18.0,21.0,22.0,32.0,132.46804160152084,67.53972022529251,189.22981336002914,186.63349631199483,2.110091467107189
15.0,-7.0,15.0,15.0,3.0,5.0,23.0,196.60898038319002,120.20701409810314,72.86396834943247,169.8800873989601,148.45477824883636
13.0,12.0,33.0,13.0,20.0,24.0,13.0,75.38240386353874,19.251673067546314,34.45344488715136,28.08689717946784,101.4289159895785
1.0,-12.0,9.0,31.0,33.0,32.0,27.0,30.630456964480302,41.76724413629436,95.71606077758399,165.96891872797016,12.15226803566678
-15.0,7.0,3.0,12.0,13.0,3.0,16.0,125.95980222251161,101.44116424886911,165.30889304798833,13.995384830825476,181.82606325912175
8.0,8.0,8.0,25.0,9.0,3.0,22.0,73.36498566624805,74.45405196350553,49.82463468636451,88.00298909420457,177.79205573713767
-11.0,-4.0,21.0,6.0,32.0,7.0,5.0,18.435050328951007,155.5891764720869,94.79037941549413,47.52493738316377,144.49357009105216
16.0,-10.0,20.0,2.0,4.0,2.0,7.0,161.85223770021062,47.837915809782714,100.60345943371696,54.91355121484809,78.39787597808645
7.0,13.0,5.0,22.0,31.0,2.0,2.0,179.43472747953902,111.64548316622076,144.13054061798607,165.31660657795507,131.39525707313774
-16.0,11.0,25.0,20.0,31.0,10.0,18.0,162.03288309748987,120.18789311274918,106.95256896022292,100.55946435409923,18.476599482550206
10.0,11.0,6.0,4.0,7.0,4.0,14.0,53.880424441635235,126.54395956019613,8.760809501925237,40.46733276823367,3.5725652191609836
-12.0,-12.0,22.0,16.0,14.0,4.0,17.0,141.22179257477336,121.49481229045158,89.30820513075162,153.71766757573403,61.740137338834366
12.0,4.0,16.0,6.0,28.0,6.0,5.0,180.13491192660746,16.24293065762219,51.44582519131254,73.88386762439498,33.18963865632494
9.0,-4.0,14.0,4.0,23.0,22.0,12.0,84.30072361411574,124.46799751709511,81.30440548158104,126.20346708263665,148.6840325125462
-11.0,-13.0,25.0,18.0,26.0,6.0,19.0,25.45256866608807,26.812501646224863,75.80707858524755,13.42627807474155,72.05629382484852
-15.0,11.0,5.0,15.0,16.0,3.0,4.0,161.8087192499415,141.03521524466436,91.64758680143774,179.9136577830202,139.74307270261932
12.0,10.0,29.0,19.0,25.0,8.0,18.0,27.07776435879734,60.95009487232848,65.27517662943889,103.33964787715422,100.72579194812856
-10.0,5.0,30.0,19.0,28.0,7.0,18.0,146.6702932586582,19.882804848257642,15.925653821961161,22.18318532711141,185.25746480957764
2.0,-5.0,33.0,15.0,3.0,6.0,11.0,144.51380711463128,187.44318886584398,31.0877183918969,184.3045472051566,38.94582402388374
-9.0,1.0,31.0,23.0,11.0,31.0,29.0,124.85463335492008,32.41836745812636,148.3807333451427,12.376317099250933,193.36771588509993
8.0,-12.0,9.0,14.0,27.0,26.0,7.0,93.12369776135093,180.93313909740394,18.524892614361455,65.97850402372822,110.76651848833197
10.0,7.0,29.0,24.0,28.0,33.0,21.0,26.05151736728888,20.33806613071929,162.7213525114372,191.87543541528726,46.283985447432016
-2.0,4.0,27.0,11.0,16.0,19.0,15.0,197.61091671342874,193.0783032006796,65.89677239813841,40.7943720929006,123.11683359177559
-8.0,-12.0,2.0,7.0,17.0,8.0,4.0,86.6803292564856,149.4367511352024,132.71284092324328,52.95105260470112,179.17295947272407
-15.0,5.0,28.0,27.0,5.0,31.0,28.0,5.026085169077454,24.84783961775232,172.36542288363339,159.2709642391864,91.4272519236664
4.0,16.0,26.0,13.0,3.0,23.0,26.0,133.51319899721483,25.39163509390825,160.59384357587138,167.51539808794337,166.81103585410887
8.0,10.0,32.0,4.0,11.0,28.0,16.0,58.120768488737,27.29724896122374,140.74707105561998,88.81735684063423,52.96207853520176
-3.0,-3.0,6.0,8.0,26.0,2.0,19.0,183.47634170360138,61.08415434787779,46.940408694408745,184.29449035776503,84.46596726933582
8.0,16.0,8.0,32.0,30.0,7.0,20.0,23.76037340338284,170.74173144836837,44.50954921496011,122.306020647425,187.47793655199433
14.0,11.0,16.0,2.0,22.0,13.0,28.0,154.56930730760615,156.25221817976572,76.57084438168822,144.38437555574114,75.59806050543823
14.0,-11.0,9.0,27.0,24.0,31.0,20.0,101.20617477677784,5.431041409104442,47.532070819282794,112.16875037299295,108.49699480547778
-10.0,6.0,12.0,18.0,24.0,33.0,29.0,8.552742180126916,152.8044922840914,28.715584940177052,190.69973617359324,115.11075958912247
-8.0,-15.0,5.0,3.0,16.0,9.0,14.0,45.02177491131349,169.27807218844248,192.5678665042588,70.13231902425152,11.923410710630522
-14.0,1.0,10.0,15.0,18.0,10.0,8.0,163.32486422584006,87.0108345211675,167.4984096720906,50.57195197836983,77.90275352660103
-16.0,2.0,32.0,24.0,27.0,27.0,13.0,69.66881274191454,9.153650947054137,69.93686194705506,37.574254591449005,44.28362504642265
16.0,-9.0,4.0,7.0,18.0,32.0,22.0,143.35868989685207,104.68817499493906,124.69511704428193,166.15342729191724,62.14985842093226
-3.0,-9.0,2.0,24.0,13.0,8.0,9.0,108.60086778964302,81.23859745964972,95.95625100175404,179.99957259268405,51.795430476610214
16.0,16.0,27.0,16.0,8.0,27.0,33.0,29.754376396704863,81.77821759825612,51.11594222201386,121.48611687722368,109.30677530244577
4.0,8.0,5.0,33.0,24.0,2.0,29.0,135.5733702464,0.9411584854582156,86.80201668579848,45.59772149157435,82.3170785293311
-12.0,-8.0,7.0,4.0,25.0,12.0,28.0,37.369741265281654,5.191175529201386,183.97929626254557,86.0891437299505,182.15361484061208
-15.0,15.0,29.0,29.0,30.0,19.0,24.0,151.2186000928521,177.21322246132092,114.84451038330347,37.63307133828708,181.90635518111563
14.0,5.0,17.0,11.0,24.0,5.0,10.0,3.5039948149502065,161.9815428946403,69.57330552717053,191.45446342237008,7.772256104123643
-4.0,15.0,17.0,10.0,12.0,7.0,9.0,127.17819479544646,71.3646510824029,68.10055697155266,67.26808354822067,23.866930170233445
13.0,-3.0,23.0,29.0,27.0,20.0,7.0,183.69076698745928,66.46754570766724,138.91708046476373,70.89564059274484,62.4330672510534
-12.0,-15.0,14.0,25.0,13.0,24.0,24.0,85.00763314248732,2.458962604378967,50.00380043984198,34.481052611304854,105.94773381301081
9.0,6.0,16.0,15.0,26.0,25.0,30.0,109.04367022809984,199.90905900221796,58.45792142567816,40.28037120296486,77.7262489947578
-11.0,-10.0,9.0,33.0,33.0,25.0,33.0,33.917882285126176,73.64309565018013,83.81480980686872,1.193464144979739,17.600131624226712
9.0,6.0,5.0,14.0,28.0,8.0,30.0,83.72439225876916,16.726919662052396,193.06690446874683,123.83337456007808,172.59270198378465
14.0,-13.0,32.0,24.0,18.0,9.0,15.0,70.34623919537243,183.06956410908845,189.77318950177363,9.340517899343803,135.82428628865694
16.0,-6.0,3.0,14.0,27.0,20.0,8.0,165.79170648003247,165.0236531231109,10.797428285704092,129.0751326126624,198.75686153944386
-12.0,-14.0,17.0,3.0,4.0,15.0,4.0,113.74159032612125,95.56479337532835,199.37986447336928,52.557505200859,135.87746173278944
-13.0,-10.0,15.0,4.0,18.0,15.0,10.0,102.53436517203147,198.48029856258833,54.393519404876734,181.4067299262331,84.11616427305846
-11.0,-8.0,4.0,4.0,29.0,2.0,33.0,9.827266913967915,153.50503088568485,45.4022102909178,84.90961061928817,55.37967752673989
16.0,-4.0,26.0,29.0,4.0,8.0,21.0,123.03023938139607,50.06373222794001,54.66400780316896,8.454009756135417,150.4027417154856
0.0,11.0,13.0,21.0,13.0,20.0,10.0,146.0766134644605,14.14209673500424,155.02958404983954,111.72020229562081,174.9796028973875
6.0,12.0,33.0,17.0,32.0,24.0,18.0,12.80164326185924,181.566668395172,199.29857776023675,31.52400717679118,2.0951630023443135
15.0,9.0,18.0,18.0,21.0,25.0,30.0,158.5272998556017,129.59240226640935,125.19401445746598,190.74881314993186,3.8889602468267226
-9.0,7.0,8.0,18.0,5.0,9.0,21.0,7.946474309801821,53.96720272865292,104.68411468332981,57.44050838544823,43.15648803094631
3.0,3.0,33.0,17.0,26.0,26.0,3.0,166.8064446449806,154.19683205059707,107.04490537275268,147.9185100223963,140.43634541580136
4.0,-10.0,27.0,6.0,9.0,15.0,25.0,24.203177657584906,106.08450629702976,27.853624072040862,163.74232679611595,16.04478572283339
13.0,-7.0,7.0,16.0,19.0,28.0,6.0,198.69291994621446,157.41382883113576,38.28278096261013,2.41134997318595,114.38766510236127
-7.0,6.0,32.0,24.0,25.0,9.0,25.0,185.22462257808294,186.11619030115776,186.9243001225219,188.62309091518225,41.02899156837039
-10.0,-6.0,18.0,11.0,18.0,6.0,21.0,74.88831597057528,109.21388500880096,148.58391316361744,123.25769058648639,6.741953696170255
13.0,-9.0,16.0,7.0,3.0,26.0,7.0,21.25732129456641,0.447901617300972,51.70990120811436,156.85694850834744,13.22512055153382
16.0,3.0,23.0,20.0,33.0,12.0,19.0,8.81980647391818,105.97443843890684,58.368685536645756,114.56478096122716,111.84139358503313
-16.0,-1.0,29.0,31.0,29.0,6.0,18.0,28.57881391221122,149.18959194172083,22.573980975875617,132.62382357837947,112.41700087652113
8.0,12.0,32.0,9.0,30.0,29.0,15.0,85.47630333789387,69.45971087985328,157.42983274599086,121.98984483243116,17.66184368957717
6.0,4.0,13.0,8.0,2.0,30.0,5.0,164.63890922831612,154.068684658404,134.60120817240974,70.50956032614133,97.44439900628142
7.0,-14.0,25.0,12.0,14.0,23.0,15.0,137.55081013823633,60.34015103543771,99.63288272202624,191.47812797742446,23.25849795191108
8.0,-10.0,27.0,26.0,11.0,32.0,16.0,199.56748028609073,150.78872368703352,143.59062292262172,12.796566549906373,188.8410878554814
13.0,15.0,17.0,25.0,29.0,32.0,13.0,1.4044554359835093,191.25271553793294,116.30169364981819,99.96504922084289,198.92400034764378
-6.0,-16.0,26.0,30.0,30.0,25.0,24.0,84.53903683708613,52.70992770690401,75.67883426932063,45.90203275888083,89.39491700202409
15.0,12.0,3.0,22.0,31.0,20.0,11.0,17.103285738523176,119.16419262158418,90.66650736078105,61.89639312866424,38.01025883997031
0.0,-7.0,19.0,22.0,4.0,2.0,8.0,163.55513644089203,15.81144119075837,175.78384025591603,175.46548261186607,177.88922340113967
14.0,-10.0,7.0,17.0,17.0,8.0,3.0,178.26437922609952,131.52430557278473,13.66672484349738,70.66551222069745,185.69714694220949
15.0,-7.0,22.0,29.0,3.0,19.0,17.0,36.560505246712324,115.27891045307285,86.96973642209488,89.45423592314255,133.66941689825106
-9.0,0.0,16.0,13.0,27.0,24.0,30.0,121.41576583636787,75.4788413514212,40.900241518561046,118.30389143557913,96.38835850981116
3.0,-15.0,15.0,21.0,5.0,9.0,7.0,108.58731716649463,153.77411029899108,68.9273788108832,12.180325568943285,34.855450734189745
11.0,15.0,20.0,21.0,33.0,32.0,14.0,53.097655604760185,99.62784203406545,66.11513368376566,12.900321718355068,141.9269848511889
-12.0,-9.0,29.0,20.0,15.0,33.0,11.0,71.47198282789404,45.838431108476115,27.768945091998766,47.01466965352385,125.65483623822476
-9.0,-10.0,4.0,27.0,5.0,6.0,18.0,105.12513893039824,34.93385250599652,99.8265013921988,107.35227687032875,128.74631324661678
13.0,6.0,12.0,20.0,20.0,13.0,24.0,84.57389332354346,123.03643832692568,188.19242765273435,14.00080302617197,82.8097698088685
-8.0,4.0,24.0,4.0,5.0,12.0,29.0,95.33282083087241,17.884957588258786,57.136812387890586,71.85535493897022,57.84731883383392
3.0,-15.0,24.0,15.0,32.0,33.0,24.0,25.525433802676,180.074441671297,167.96418719690806,59.98025503134406,103.32037235698496
-11.0,16.0,21.0,18.0,4.0,25.0,11.0,25.410776962717563,40.57130340845634,197.3810021021829,198.36224311170918,35.81119039926346
-6.0,-4.0,14.0,2.0,26.0,33.0,23.0,168.99422864375094,33.23978703341861,10.49439029958621,45.26732878601998,128.16213893347134
16.0,13.0,25.0,10.0,20.0,3.0,10.0,124.94121069647493,61.56494469920026,22.41837701466678,184.09965240871193,65.52211655818844
-3.0,13.0,8.0,16.0,16.0,8.0,12.0,152.66773542219286,25.739756941665615,3.100517228029598,175.56075903238337,30.26177349730732
-10.0,15.0,32.0,19.0,15.0,24.0,29.0,141.29853848972104,35.75761888332052,61.054731352131554,147.6934596324543,166.94854821190398
1.0,11.0,25.0,29.0,17.0,3.0,13.0,99.12577782279975,94.43713618556163,191.81368995970988,87.6402051187621,156.81567026122752
-2.0,8.0,33.0,11.0,16.0,13.0,5.0,104.27957945918725,165.3427630179453,65.25558314502489,70.15540282668726,53.17472348303447
-7.0,-1.0,11.0,14.0,21.0,2.0,20.0,45.3285778005297,191.20295130761974,89.13050591472218,44.18092471423041,7.61442942532955
3.0,7.0,3.0,8.0,23.0,31.0,15.0,31.922409198950618,136.89147720733496,87.83272787176114,114.58416542330625,18.905346999349113
-10.0,5.0,20.0,4.0,29.0,28.0,9.0,4.44263023060163,36.36606427041467,146.8754595912673,125.69353013849951,132.52071526648535
-5.0,-12.0,23.0,17.0,4.0,8.0,26.0,175.32482308653383,11.599534429837167,49.68118322821289,104.59955655744444,139.4469861424217
10.0,7.0,30.0,2.0,31.0,20.0,33.0,95.82354186823369,34.43908521890724,159.05235227419524,105.15863972227191,78.84708414461583
7.0,6.0,27.0,32.0,20.0,13.0,7.0,160.9536695089069,129.51937082141598,153.79226448924226,106.42772690116813,157.60337663190307
16.0,-8.0,20.0,12.0,31.0,30.0,30.0,86.80731705427065,140.18467456392776,129.2636439815944,186.0419843982284,73.87165702544402
-7.0,-16.0,15.0,24.0,22.0,31.0,28.0,183.6303463863607,79.08820101280851,147.98272874996638,131.44996861747728,199.0068610501403
-13.0,5.0,29.0,4.0,2.0,17.0,23.0,160.49951214699914,177.08853970470068,184.39667633012283,38.21558433516821,131.24625087615806
6.0,-9.0,28.0,25.0,22.0,24.0,16.0,129.17637799806838,148.45530890614086,125.62049127875574,133.8046015621335,68.30042835861505
-3.0,-13.0,14.0,5.0,14.0,17.0,3.0,31.72518787017673,29.941918087838214,132.0759960239456,64.74695068120732,34.3343169599166
7.0,-5.0,30.0,14.0,33.0,6.0,5.0,192.91681679921356,117.79240356330357,43.23735078427631,99.61391973611818,183.72242104018304
-8.0,-12.0,17.0,15.0,11.0,16.0,7.0,136.7556636585528,132.81306379119198,107.97200294647504,196.32641488800792,59.42801161417475
-4.0,12.0,19.0,8.0,16.0,31.0,32.0,148.46378228879132,169.38697119826853,2.1138258328009973,104.40076240998559,46.708207028021945
7.0,8.0,4.0,32.0,21.0,18.0,30.0,7.065481889690761,57.023624448390244,54.753821630710206,94.44578795559669,199.0776252011491
7.0,-14.0,20.0,19.0,16.0,27.0,13.0,121.62350430407724,98.9429917973227,168.970977158969,179.38558985445405,104.87225992966434
-2.0,-5.0,24.0,28.0,19.0,8.0,28.0,157.90046232432044,34.145920983670266,197.16439196181793,190.52377511731171,139.49970300300103
-9.0,-6.0,5.0,9.0,8.0,6.0,6.0,199.66729495261794,71.51422367160514,143.12180222611482,99.99307387294995,129.19028453197816
16.0,3.0,14.0,11.0,31.0,11.0,20.0,162.63168043646442,14.556500139407081,91.30509929299065,137.37205876783378,190.6083537998678
1.0,13.0,10.0,31.0,23.0,27.0,25.0,69.94663156270806,103.41332076336933,103.83426754450034,27.125123312472944,175.42213217076488
-7.0,6.0,12.0,14.0,4.0,18.0,14.0,90.86105868105872,86.13990566918257,18.407621356210324,107.69082193191517,110.460237971277
-6.0,-1.0,9.0,5.0,2.0,24.0,26.0,146.89107759937212,121.77385096101861,130.48727699023482,63.56104269937295,12.615737734096989
15.0,-6.0,12.0,21.0,20.0,24.0,19.0,26.809069862521472,44.454274502171145,109.19993666928984,162.45920168822747,128.11135110657779
-12.0,-9.0,11.0,31.0,5.0,22.0,10.0,139.09107302391828,140.02650638451678,85.57679544103377,107.20745870224289,161.39256544651906
12.0,8.0,5.0,23.0,10.0,22.0,33.0,162.19513428476012,189.25520699617041,78.25315515732139,30.69591849937108,16.145703494751174
-10.0,7.0,30.0,23.0,5.0,8.0,25.0,62.1915661582781,14.920617802280066,177.20207539784,21.696789963011433,191.641290750724
1.0,0.0,17.0,15.0,26.0,13.0,26.0,89.48135475681876,153.86708612062816,114.85541021378616,133.37918999697203,162.76610269201845
7.0,-7.0,33.0,3.0,11.0,30.0,26.0,163.61369240946846,5.85347567153327,187.16332624755415,179.48023238871448,156.12427596038142
-11.0,-8.0,18.0,13.0,26.0,19.0,23.0,130.03347543224274,133.2149412402283,151.44400669962482,107.56431994280608,141.96694940042173
-5.0,-13.0,18.0,7.0,31.0,13.0,32.0,111.74385440287739,181.78977151843375,162.9555870349999,175.5274726941135,21.65266628621394
-5.0,11.0,29.0,33.0,12.0,9.0,21.0,38.96560942905203,182.86770103780094,137.68780245966855,131.53745059652536,54.17801947269392
-10.0,6.0,19.0,33.0,7.0,24.0,32.0,56.16977714357139,195.461753300624,7.192751446028489,166.28711579792764,118.29209075775616
-10.0,0.0,23.0,8.0,20.0,21.0,26.0,88.21378793998431,164.951424714904,181.12139512127564,102.95127462792261,198.8200547182261
-3.0,5.0,22.0,30.0,6.0,17.0,25.0,28.033437418411864,147.3309788837949,7.048640551713081,145.61956344336699,136.14553628446134
-15.0,9.0,31.0,28.0,13.0,28.0,10.0,38.26350427337384,99.76098681877636,176.60366259932783,185.7000758781823,121.00463146656631
8.0,-11.0,15.0,4.0,32.0,3.0,23.0,24.845319288842038,163.01612050868357,179.45150043735944,156.39060242655836,21.309112693050402
5.0,-15.0,11.0,24.0,6.0,14.0,13.0,113.33863451894133,179.21130081800047,161.3345642391144,46.24891301305223,110.95522155226915
-12.0,16.0,15.0,26.0,20.0,10.0,24.0,68.64896635471169,112.8188601391767,190.253108343305,153.62464649217392,42.01860679006757
12.0,7.0,8.0,21.0,20.0,2.0,9.0,54.062636334945324,14.775131420445353,140.39828992932507,19.260976705102916,39.65709691232837
-9.0,4.0,10.0,30.0,22.0,23.0,4.0,31.50287640430067,5.80267524780429,192.91347360498716,141.70670130483228,59.54238841418569
8.0,-13.0,3.0,2.0,30.0,10.0,5.0,192.27478276000852,33.73611973966637,100.20595002052322,11.834046587786485,188.93231560635562
-5.0,7.0,16.0,19.0,26.0,29.0,28.0,39.36794079289714,93.07971858792392,70.2766537275388,33.652692994059905,104.60835608392165
-11.0,-6.0,8.0,4.0,14.0,14.0,20.0,82.45753887682494,43.379133855702,146.64792547723096,69.6638933611467,171.9909608570161
0.0,-11.0,27.0,19.0,29.0,25.0,33.0,183.53732333076192,110.24078303805473,156.62580415497948,102.08354272997617,38.362447415898295
3.0,1.0,7.0,13.0,19.0,19.0,13.0,52.736841986449875,188.55175289048336,51.227948511014596,195.30740305872484,102.46526608052078
-10.0,-2.0,13.0,2.0,25.0,4.0,14.0,198.9896257627848,63.27933803120691,33.03332703823501,46.38129649253453,198.00513891197872
-7.0,-15.0,15.0,6.0,18.0,17.0,9.0,103.4643237347508,41.82561374764013,148.11351235970812,66.6457995917845,5.5295949357823115
-9.0,-8.0,30.0,16.0,11.0,27.0,4.0,58.14678699325082,1.8236498872054252,24.85865693984659,187.68895557841913,63.96644432637255
-3.0,-3.0,15.0,26.0,3.0,9.0,6.0,165.78406018284048,85.06036321701085,169.56919892831544,175.4610488290614,100.14207935304822
-12.0,-6.0,25.0,12.0,31.0,19.0,23.0,107.04296757658544,21.714002695678893,30.954984612169923,115.4811213363016,198.78368948914576
-9.0,6.0,16.0,26.0,15.0,12.0,22.0,109.7777492397746,106.95110552819087,117.61639106821504,188.42465472423348,151.021028165546
-5.0,4.0,14.0,14.0,16.0,17.0,21.0,108.76678763283316,84.22546531851125,150.81605397678405,67.89532643100887,91.9567650855118
0.0,-4.0,30.0,5.0,13.0,23.0,11.0,101.6484361757044,185.83615646508872,106.50260085141218,10.170214905362961,146.22877165107522
12.0,-4.0,3.0,30.0,5.0,18.0,33.0,112.941620321357,80.13413014386724,101.11928623651265,26.526130987328187,31.886725471862864
-15.0,-6.0,12.0,29.0,29.0,33.0,22.0,146.20395764710207,118.09366832814578,128.81025362869184,183.86130070614507,128.32169872739138
7.0,0.0,29.0,3.0,8.0,8.0,9.0,75.20121162647027,48.393419387077174,50.89658252416982,3.7241975961029405,80.35751660023386
11.0,15.0,19.0,14.0,2.0,11.0,30.0,71.31950536647669,28.945997893374177,136.58497320460873,55.26075490296067,50.577184686071064
-6.0,6.0,11.0,7.0,6.0,20.0,20.0,54.75764699995409,44.146451938300736,84.29683439616163,170.28093479600818,127.56082170438194
-5.0,-15.0,3.0,13.0,28.0,6.0,15.0,31.38590434554014,123.93915939359073,25.56184037170508,111.11114928785526,34.78998856344033
1.0,-16.0,14.0,22.0,28.0,11.0,20.0,75.41223416306894,42.264257519226646,137.90130869591977,149.60547767568815,116.50586192712875
-15.0,13.0,29.0,8.0,20.0,27.0,4.0,44.3583620076683,15.610792909543214,97.40246501719815,2.145611600079844,191.99190312548077
9.0,-8.0,8.0,14.0,11.0,30.0,20.0,17.2752642154268,179.9477180202565,16.032092072117244,19.43857918666596,85.57526519584391
-14.0,9.0,29.0,21.0,28.0,29.0,30.0,185.360450452343,41.100861117928545,178.85708813877733,35.515366536923956,26.053476530566535
4.0,-2.0,22.0,19.0,2.0,7.0,24.0,172.89027703299027,173.41525341531752,74.51371297080954,7.6598157611486695,181.8622366403429
-16.0,-4.0,24.0,19.0,21.0,12.0,6.0,127.09649252016399,2.5225319575838734,16.972189567235098,186.99200791486484,52.18768580391328
13.0,16.0,22.0,13.0,14.0,13.0,7.0,26.68307393268603,154.04421867123773,180.67415655973198,119.0086533707716,19.99532421432868
-11.0,16.0,20.0,30.0,14.0,27.0,27.0,3.9997326738013594,87.89681062505692,166.60638294146756,153.20135909559133,55.66548187207192
12.0,-15.0,5.0,24.0,29.0,12.0,27.0,32.02892621910698,37.58493571033414,144.79554404059078,19.387304327803868,89.74642178149617
-15.0,-6.0,23.0,25.0,11.0,14.0,19.0,188.28403025335632,66.32535477831168,53.65474589003596,53.49285095790315,154.4897710816554
-3.0,5.0,18.0,4.0,9.0,8.0,2.0,108.82275488243694,32.73513105331669,86.437971895971,99.73728330420948,31.50478465140367
2.0,2.0,7.0,32.0,12.0,20.0,25.0,99.14303607616498,111.27582057866601,177.1020055160514,164.94942689693406,73.61449769888542
-12.0,2.0,8.0,8.0,26.0,10.0,7.0,160.81042175842865,55.40832681218819,145.9478409449236,194.72618454342805,44.04312956791829
8.0,10.0,2.0,19.0,16.0,21.0,11.0,152.54274818381856,134.45403182369375,166.8896739427211,20.304995316724117,22.353312225037534
1.0,-16.0,23.0,25.0,3.0,6.0,4.0,169.4154479577227,17.069728016579667,85.42629497534593,97.74975765478275,78.68394068602757
-8.0,-5.0,2.0,27.0,4.0,29.0,9.0,15.624023324168967,63.13010226054385,129.7989143569518,46.95636834899237,189.08994092633068
-6.0,-4.0,18.0,6.0,31.0,20.0,20.0,123.58274641272466,121.99490121118916,177.92383034791368,24.521372924209217,125.05821198473662
12.0,2.0,16.0,19.0,25.0,2.0,10.0,98.71596110140428,81.33877818372584,96.3036618460601,91.91023127074662,24.51024715970316
13.0,5.0,8.0,13.0,18.0,8.0,15.0,7.923216880766248,137.29945824534536,95.3672449789738,176.50717570237822,38.18503999681588
4.0,12.0,23.0,11.0,14.0,13.0,13.0,124.73639326458488,167.48409654803243,90.81692397517503,83.16423518461808,53.501322165735374
2.0,-4.0,10.0,22.0,31.0,13.0,2.0,88.25003803375442,46.08523530312843,17.518835895984886,13.729017737432292,56.85616152392383
10.0,-5.0,16.0,24.0,28.0,6.0,21.0,42.019925211585175,74.38252565145906,140.89630133254778,125.91872403699122,111.05677627874422
-16.0,14.0,30.0,2.0,12.0,32.0,32.0,145.0796111210435,64.17253064497802,185.4550251770795,92.64801340679136,41.39675769036892
-15.0,-5.0,16.0,26.0,26.0,18.0,4.0,76.55278352897746,148.9836714430828,47.04054900641581,20.53374456103645,110.95410539016444
13.0,-6.0,22.0,16.0,28.0,30.0,30.0,198.43381848817262,47.306827546815214,146.64499513668335,49.179718911042045,166.66485784977064
0.0,-11.0,30.0,33.0,18.0,7.0,18.0,120.19116567399041,16.87708851729992,199.50107734688692,28.792952399585925,151.78558219589553
15.0,-14.0,3.0,9.0,21.0,14.0,26.0,127.02003337356285,92.10745301351253,199.67085991680057,168.25108993477076,128.07705863455385
-2.0,-13.0,8.0,2.0,29.0,26.0,27.0,38.485339130417714,150.93408272166107,137.4502103266284,116.30936069666642,132.2697751965362
8.0,-8.0,16.0,18.0,14.0,33.0,32.0,46.09035147176823,28.111783544950942,174.64749394549918,41.786588137076876,101.18657012191726
1.0,-5.0,25.0,8.0,33.0,33.0,22.0,54.018677965956826,187.66118282160778,183.95987814169217,137.605083551026,61.45190559923572
-14.0,-10.0,24.0,21.0,5.0,12.0,15.0,0.2914006128361457,185.54109754230103,102.17912616587019,162.43576562213903,45.64590646902524
14.0,14.0,9.0,6.0,12.0,11.0,14.0,20.46084749963095,77.04455486739307,93.57939483682279,61.10967389929869,93.91747839107269
12.0,9.0,22.0,11.0,15.0,25.0,21.0,104.4226323106509,9.5586860691105,192.1459784258504,115.74690204984304,191.79876883826012
-3.0,-16.0,23.0,20.0,8.0,8.0,3.0,191.12154765060552,28.54274191987869,16.155585700342545,68.67497574149431,81.34802748888008
-2.0,-1.0,25.0,3.0,9.0,8.0,5.0,27.101556638745205,129.7091444602486,55.144265189676965,156.80830160942472,50.4052760834399
4.0,-12.0,4.0,8.0,27.0,19.0,29.0,92.71357215150356,96.44171253897409,1.0374814509101604,86.56244762955943,101.58263816674665
-6.0,4.0,28.0,28.0,27.0,20.0,4.0,5.80440467794241,37.425532855294286,47.93872949762912,188.17139235090193,27.976062162909333
-13.0,-6.0,30.0,21.0,10.0,29.0,25.0,105.54869099102508,125.87984451005075,104.49072504229275,65.96560670887311,16.187553763489525
-15.0,16.0,24.0,16.0,14.0,9.0,17.0,101.31508982876376,79.31592407224721,193.3592052291952,14.064892591519529,0.03953000468150947
-16.0,12.0,25.0,32.0,13.0,30.0,13.0,46.217212675442966,193.34207271219378,38.252781720982256,173.19093943964032,142.50879084961136
-16.0,-10.0,10.0,33.0,4.0,28.0,15.0,96.8407914219221,13.54489560966472,147.00528835493535,118.03499983348928,14.908035416081145
-15.0,11.0,11.0,7.0,7.0,6.0,27.0,112.7922834571295,16.94416831832566,46.07747929094326,50.93715749027954,42.99514864854832
10.0,6.0,30.0,10.0,6.0,14.0,14.0,51.02408065690247,100.43965971089806,38.75524978809135,180.09179876456574,112.26151053454274
7.0,-8.0,2.0,3.0,17.0,24.0,25.0,198.6399458552043,124.2038179224044,184.3045599362263,194.6404453661412,29.099991857537265
-8.0,-9.0,6.0,31.0,26.0,5.0,7.0,121.55128486856877,82.70233207855544,40.303609732356406,183.642113889279,32.261373795827495
0.0,14.0,30.0,23.0,6.0,30.0,18.0,22.401846308146055,103.92320623973674,50.64779052366053,120.68889540934443,179.61821017356968
5.0,-12.0,33.0,33.0,17.0,18.0,7.0,40.050149307102934,150.7594574675948,64.89615609238348,139.20693316812438,48.487542197850075
0.0,6.0,5.0,5.0,9.0,14.0,31.0,56.2053023139468,198.80939013421494,71.56089849212674,142.08165663008023,146.19446015396446
-2.0,2.0,3.0,2.0,30.0,24.0,16.0,29.33126539807278,144.0966236452723,147.15845047997414,88.48338707834094,122.02415280524409
16.0,12.0,23.0,3.0,7.0,3.0,2.0,37.55023773723805,131.56607168059514,49.25512959606475,0.8689957531505144,191.1881758142677
-6.0,-10.0,24.0,10.0,3.0,5.0,30.0,146.84970231811457,86.92642625487812,159.43031887104303,98.54115959627549,108.39452930197062
-9.0,8.0,24.0,13.0,12.0,14.0,5.0,72.41787322433962,20.211210041429162,158.39033732301274,68.24428384784873,1.3899547102888876
13.0,11.0,9.0,17.0,9.0,8.0,8.0,101.15829328240831,23.079472381067756,62.563362722104564,132.32525438436934,187.52005331458722
-9.0,-5.0,17.0,17.0,27.0,31.0,21.0,163.7111584327923,48.517885405408514,145.97837303147472,87.4327130083842,101.3392642998561
-2.0,-15.0,29.0,8.0,14.0,22.0,14.0,52.01446473448592,183.6319280746603,128.9651950224894,54.68108593982508,169.26280666036854
10.0,12.0,18.0,15.0,11.0,12.0,24.0,37.00626531294948,20.060508272504496,72.41622643064798,154.19879402337483,26.199886104135107
-5.0,11.0,31.0,26.0,2.0,14.0,26.0,113.79309860363433,197.00817297306003,179.98757372400067,22.14784833461629,162.20739540579515
-14.0,14.0,6.0,18.0,15.0,26.0,16.0,116.91114794907587,166.95783661388154,195.13638513097902,34.04009932707868,177.763982608639
-13.0,-11.0,23.0,18.0,10.0,21.0,11.0,111.14439764787463,16.40823665800013,191.9681453182577,114.48464273487713,192.54868144650607
14.0,-2.0,8.0,25.0,20.0,33.0,22.0,133.66395873181304,53.98710386826853,20.740790629483065,71.9186726026803,162.66455058909366
2.0,9.0,7.0,12.0,30.0,13.0,4.0,72.0425726032683,155.52563104507976,198.56494134291782,148.35367957003072,172.09985098345874
-9.0,-4.0,22.0,26.0,3.0,28.0,5.0,144.674741225509,166.5810833753546,149.56674434327803,60.34899618558529,108.84204829300982
-11.0,6.0,16.0,32.0,13.0,16.0,26.0,76.14379281374461,104.41688352858453,52.97106563957856,89.27958159168978,118.54728251564886
-12.0,-13.0,11.0,8.0,16.0,25.0,16.0,133.08621053716837,113.18704519662907,58.24993108048231,85.48889210466535,32.15558664374005
6.0,6.0,25.0,15.0,3.0,15.0,25.0,176.49571795973003,76.58469964623917,57.04273495910055,142.56674432964317,15.699971514966915
5.0,2.0,31.0,6.0,2.0,32.0,20.0,163.5160117686558,143.14896908933028,1.2696659177340086,192.88248862446255,57.01527604661125
5.0,-10.0,16.0,28.0,14.0,8.0,11.0,130.27809087448844,66.2769009484011,133.18011082879698,16.840349863699267,159.7705571624947
3.0,-11.0,15.0,24.0,24.0,25.0,26.0,19.78728418038431,120.11980757978557,128.4000480292462,129.58416897414767,64.87308170781529
4.0,4.0,10.0,23.0,6.0,30.0,25.0,124.24046296910261,133.19190147289115,158.20655837803002,141.93423293360786,31.418118592497525
-15.0,-16.0,8.0,22.0,18.0,28.0,10.0,19.112731285059994,187.88097218395257,115.43228672714325,131.19147452806354,164.0582135707115
13.0,-5.0,15.0,15.0,28.0,25.0,3.0,139.6993869464229,62.327593254765134,92.81275517572772,25.663410896604933,67.69952645267954
-9.0,7.0,7.0,3.0,14.0,31.0,20.0,98.0772497210586,43.37124826239669,10.305502631720298,128.6471604295681,72.04910270512373
1.0,-2.0,9.0,20.0,10.0,12.0,10.0,150.45447066169595,73.49842146268644,122.59638513093564,7.622567119964008,36.03261737079626
9.0,-4.0,31.0,29.0,14.0,19.0,15.0,164.69997868701537,72.712945266866,7.388771826144214,95.53735794223593,6.672239179390327
13.0,9.0,6.0,13.0,3.0,17.0,17.0,71.20951706595766,0.7651193852538984,136.12175865922734,83.8883351642943,59.31154490845418
-7.0,9.0,13.0,13.0,22.0,18.0,11.0,160.91722172110013,188.7643990801329,137.0951851362467,19.263441404016703,79.02840219447815
-1.0,9.0,18.0,2.0,29.0,24.0,2.0,186.70666839828672,100.88022206387637,21.619728111387392,75.01354541371536,164.98519545204604
-9.0,9.0,26.0,33.0,30.0,14.0,4.0,121.34957627453755,45.272829281893536,147.87585046634157,181.96339294880846,26.869308311806005
14.0,10.0,19.0,10.0,31.0,21.0,22.0,141.6327306223011,90.54883114393013,41.4740230175284,87.09342760607615,191.42487877385756
-5.0,2.0,15.0,20.0,20.0,14.0,16.0,194.8569870645976,109.34499032821012,133.2301327746509,39.96216561215038,160.99140238088376
-9.0,-15.0,2.0,17.0,23.0,6.0,5.0,88.60635140855217,169.79846728674036,75.45857824685326,69.9885485943143,23.356338102514272
-1.0,0.0,12.0,7.0,8.0,18.0,9.0,152.8975691119026,95.71517392578326,111.36042169503555,134.77089673909927,121.57696562548131
-7.0,6.0,15.0,27.0,27.0,27.0,22.0,173.65480087893312,128.86184650372536,56.85249569069788,148.13953532114607,53.821087364433765
16.0,8.0,18.0,8.0,14.0,22.0,29.0,39.62399004515873,147.336571920383,193.734963043522,39.357604299884464,165.74853601280034
4.0,3.0,24.0,19.0,12.0,13.0,33.0,138.86049069390768,49.844471187299156,41.73949606463061,64.50240385252522,111.34853788697201
-1.0,-14.0,4.0,30.0,16.0,9.0,30.0,20.78516891969615,165.56174386192131,7.1197253404202465,130.68882006473314,10.194535172258945
2.0,-16.0,21.0,10.0,32.0,9.0,16.0,61.41334931285121,38.1375003380936,35.850249822346214,31.98542039857555,137.59122344814296
4.0,11.0,32.0,2.0,8.0,29.0,12.0,72.97409912398291,92.1552706181216,145.5228414032249,175.02531642850153,116.71877735556673
-2.0,4.0,8.0,26.0,32.0,6.0,12.0,121.34457679683894,115.60821254190952,71.72306572418262,181.99801110646078,66.20560975810213
-4.0,-6.0,8.0,25.0,3.0,7.0,16.0,111.40111247706737,108.87109142194613,52.3127516727599,138.22451450613627,124.69626390377991
-14.0,2.0,9.0,24.0,2.0,24.0,26.0,192.4797730478096,11.045112858028627,162.18794101856201,35.70307055155815,36.62651472292864
8.0,12.0,10.0,15.0,33.0,12.0,12.0,77.91355961472878,20.072899663568222,136.07772487389937,187.6642378629354,187.77398000196618
3.0,2.0,2.0,30.0,4.0,12.0,23.0,109.95084240719453,43.34732540164201,96.02313140185585,66.86486246687744,167.35379381755624
14.0,7.0,8.0,13.0,25.0,23.0,12.0,21.716709033012638,131.855081802767,22.38008006606107,8.494742217098405,111.07077011795184
-11.0,13.0,3.0,28.0,23.0,5.0,14.0,14.115605947524944,160.16338256578788,45.11182908036746,195.18849320823165,0.2347976758665382
-15.0,-8.0,12.0,25.0,10.0,16.0,29.0,158.83862353297076,183.00252461501975,106.75726605821276,64.99464914193327,73.86736444978459
-3.0,6.0,16.0,33.0,22.0,3.0,14.0,115.20081486554685,55.003281652009846,145.37036484651668,49.25538722561284,42.29402317224682
15.0,6.0,5.0,22.0,6.0,28.0,31.0,118.56540807531668,81.7592636577396,66.35240768925979,98.16816925875513,153.14469155107304
7.0,16.0,7.0,24.0,27.0,22.0,5.0,56.99275282344472,38.94934294915382,86.44571216259452,171.90285720242514,89.38692493229338
-8.0,9.0,11.0,9.0,25.0,31.0,9.0,100.86787042442941,147.2768169006961,63.18151805012864,145.65694541114368,56.48948343516298
-5.0,-7.0,31.0,16.0,14.0,17.0,9.0,194.68740967102949,32.48933770839868,19.23559949774718,102.05448429040034,163.66351302135163
-16.0,7.0,13.0,18.0,31.0,10.0,31.0,185.83861779571401,90.33312504330631,130.79283868021568,119.09052905590003,198.01599203769908
5.0,9.0,26.0,10.0,28.0,26.0,30.0,130.04197717191724,18.54769603040061,46.99192479391237,80.11060555867115,66.55369312926886
3.0,-1.0,6.0,15.0,29.0,10.0,24.0,80.22831202779173,161.57714580336093,199.94150528218182,111.7560335715893,81.1354292826579
3.0,9.0,12.0,2.0,12.0,26.0,19.0,154.61092416600286,153.81675044110767,143.3205886975802,25.98394412959175,33.03455259197605
-4.0,-1.0,14.0,17.0,33.0,25.0,19.0,61.02212268411491,104.42967650209107,1.4489086091841852,160.95969203751503,121.25380526905816
9.0,10.0,18.0,10.0,21.0,6.0,19.0,29.402530380515792,134.83567730171006,132.39642797687335,97.82420404162262,100.95950599258248
6.0,16.0,13.0,27.0,15.0,6.0,11.0,164.01648974503075,95.73341768841736,67.5943929394907,163.22155676356286,165.07499696469512
12.0,14.0,28.0,19.0,26.0,16.0,26.0,51.054947643657144,158.6438968119446,89.55180281084705,142.19185821055603,72.70011531980431
-13.0,-14.0,3.0,26.0,16.0,23.0,23.0,157.4662327332518,106.93646038265175,94.7705467690007,155.67660556335824,20.03091025825754
1.0,-3.0,7.0,17.0,27.0,29.0,22.0,182.98459537309034,196.35462126015545,57.856542790182445,100.42893138539495,57.334334036242865
-13.0,-1.0,19.0,30.0,27.0,31.0,15.0,30.070103390506887,156.11087816361066,182.93273598297023,160.37243920452818,114.28081327738452
-6.0,-4.0,24.0,17.0,27.0,22.0,22.0,190.786669575262,2.2681571795402533,107.94460705046237,167.673640709371,130.4254788497797
-1.0,14.0,16.0,15.0,13.0,29.0,20.0,163.06155137819658,68.75597405286922,113.29968280887464,118.47873212979908,19.317879673707573
-16.0,-2.0,8.0,12.0,22.0,16.0,28.0,79.51878988031696,43.51041382972176,158.64900143206881,109.47571735113533,120.81363156507624
-12.0,0.0,4.0,25.0,25.0,26.0,25.0,180.57722263304422,116.33745915310301,119.32895975351205,117.76723540815463,91.87518765401524
5.0,-10.0,13.0,32.0,2.0,20.0,23.0,130.5848585057081,77.94486468488246,31.720700066838468,135.61279635678946,139.99570952494838
0.0,3.0,4.0,29.0,26.0,10.0,23.0,120.75674209727445,8.895485312253726,168.6677708629346,41.23458766063723,195.13719823504536
1.0,13.0,16.0,6.0,16.0,4.0,21.0,69.07576895648255,107.08822621922276,90.4464058831555,18.452502548585482,169.56956746214132
2.0,-4.0,27.0,16.0,2.0,4.0,2.0,128.24184403009568,180.1276338051642,119.04421210802607,136.25318946937946,32.14171235744083
7.0,8.0,12.0,28.0,23.0,27.0,22.0,114.2166099251857,159.9515785731452,87.71789408611306,130.53556297049312,135.6437179098536
10.0,13.0,16.0,26.0,17.0,13.0,18.0,63.70705778502743,169.75123311109706,35.84981161138696,87.04352622923675,44.608971850852
-1.0,10.0,23.0,28.0,15.0,30.0,24.0,145.11633832712405,93.59076128720677,166.02851067463087,167.36359884413676,141.6345844766608
15.0,-5.0,7.0,25.0,2.0,3.0,11.0,141.76354313374654,117.54342548288068,133.73425212659333,193.96103904392058,146.03478898741963
10.0,-4.0,23.0,27.0,16.0,9.0,17.0,122.83850091860455,33.62464457617398,108.51728345979468,4.380935819377774,40.40663430996501
-10.0,-11.0,7.0,22.0,6.0,19.0,31.0,73.78281761005243,62.075208303957965,117.9314144172442,17.078673210362783,149.6621790080763
-10.0,11.0,29.0,33.0,22.0,6.0,23.0,197.27698354569236,188.17254648821057,119.45811922887057,25.136378751347532,23.46988699351393
-1.0,-5.0,18.0,19.0,24.0,27.0,23.0,91.09450654790872,131.96927389692405,64.1016869727348,151.56691176043736,196.54624132729828
-16.0,-6.0,25.0,8.0,16.0,23.0,22.0,167.2736272402402,197.39544030878244,149.16766488916136,158.30263785488575,173.52043886875637
-7.0,15.0,13.0,25.0,23.0,7.0,29.0,62.14929662527111,30.566681592580537,35.939031658530254,130.00979619800376,12.367924659502672
10.0,-5.0,7.0,16.0,25.0,7.0,6.0,187.07809243870082,76.3742709436773,36.96544273581479,193.5473538967729,91.7553350142179
16.0,5.0,19.0,25.0,33.0,25.0,10.0,70.68470947275691,138.5832902791249,157.40029313816754,69.83116741068429,44.50688833670158
8.0,1.0,32.0,31.0,33.0,6.0,33.0,35.47856806209397,179.46039455658976,62.49725528179684,41.910767994278,57.23279587715733
-15.0,5.0,22.0,6.0,24.0,2.0,3.0,156.83433971976228,29.493990072402788,168.18755112328097,18.54412436700017,138.51041989441913
0.0,-8.0,23.0,25.0,8.0,5.0,19.0,68.95711780739704,151.57698145653927,165.53032634768,193.45509829846264,10.23262998154133
3.0,6.0,12.0,20.0,10.0,25.0,15.0,121.72166307154467,175.0825327669123,4.473461439337689,50.96487629305175,181.87302793668937
-6.0,-16.0,31.0,17.0,28.0,4.0,12.0,136.02441630665982,58.507997085978936,19.70204423877988,168.9863967741572,157.81886258557262
-1.0,-12.0,22.0,24.0,22.0,33.0,4.0,82.98216375675092,126.28142055299911,52.761920686800764,144.15780675733447,129.4857651965059
-4.0,14.0,16.0,27.0,17.0,27.0,14.0,83.06337750568397,132.70008050493786,168.1794172438646,193.16625516589815,71.2289369557525
10.0,-3.0,2.0,15.0,30.0,30.0,27.0,78.40968111292683,77.04108179338411,180.20223458752952,197.25644442470406,10.405780522028895
14.0,11.0,9.0,23.0,20.0,21.0,9.0,7.439842019636167,80.4245480641273,164.35948429095413,150.88742397140427,88.01304361398834
-9.0,-13.0,4.0,6.0,30.0,7.0,20.0,42.805200017186216,20.36556482261773,36.51077990541691,16.224449998141964,103.2715771625246
-11.0,-8.0,28.0,30.0,20.0,16.0,23.0,43.75412113453516,16.977041791991265,152.96149286944453,32.293632906192585,80.86868927199957
2.0,-5.0,32.0,2.0,15.0,8.0,17.0,68.25902631713585,98.80500503547461,153.85607731665257,145.37620676997463,152.66242926543785
-6.0,16.0,12.0,3.0,9.0,31.0,33.0,171.1921644714517,93.68288968893256,64.43656193157574,42.41077322480295,60.52174350043775
-12.0,9.0,20.0,15.0,4.0,15.0,32.0,101.11666277192273,96.32655269676411,181.54060310930186,114.40594948117058,88.95784299177538
11.0,-4.0,32.0,21.0,18.0,12.0,24.0,36.45498876804887,144.18007143138033,121.09574647326204,193.9954545700204,40.77430053070579
-3.0,-1.0,13.0,15.0,6.0,22.0,11.0,9.941614432246638,148.65896038801762,86.46211256042218,56.72416982131383,34.61039952861802
-5.0,-14.0,16.0,6.0,20.0,24.0,5.0,129.6337381205274,145.7758359502776,100.07492152597392,106.3962744510653,100.40507147435092
-11.0,-6.0,4.0,18.0,7.0,7.0,24.0,125.37092835449147,144.00765648344913,116.81644976100847,157.4608582809687,2.0395961735832246
-8.0,-5.0,18.0,10.0,6.0,21.0,26.0,12.586674595532621,118.35260312254623,92.92995744320649,18.651075207727974,79.46512837697422
4.0,9.0,11.0,33.0,21.0,29.0,7.0,109.83116929793644,130.79755367663307,117.72634675494562,97.2070113066282,36.03723420209774
-14.0,4.0,21.0,23.0,10.0,16.0,7.0,184.68165234650982,167.22163743663685,122.77978175113857,5.0198832036556285,74.86599997576559
-15.0,9.0,16.0,20.0,29.0,28.0,31.0,3.676070729569325,94.5343021380238,164.04000988933208,14.834237997415546,39.035895585545035
4.0,-4.0,30.0,17.0,12.0,25.0,26.0,47.462536856858215,100.43105909594298,59.558946035809825,90.70930163548401,97.13652453466091
10.0,14.0,2.0,7.0,7.0,18.0,8.0,146.42010326563891,105.62801988799922,196.51026208033127,4.320961834434889,40.04018193353052
-10.0,-14.0,9.0,29.0,29.0,21.0,9.0,132.6004276244952,152.72809157068022,32.510449456981604,88.41685865927977,95.74240961663601
-11.0,9.0,26.0,18.0,6.0,3.0,25.0,198.40040055747443,182.40260635012672,20.78128484532651,34.49806948563956,178.02175836135524
15.0,3.0,17.0,9.0,27.0,8.0,8.0,124.77573356969212,6.027814282953847,199.90525387935085,75.02444391393009,154.8298737343452
1.0,9.0,14.0,30.0,32.0,4.0,4.0,176.21567331236275,47.06255875995644,53.252043451226115,33.36557845543222,106.27853116205132
-8.0,-9.0,3.0,9.0,25.0,32.0,28.0,65.93603287347437,132.45667226112056,73.27107195587415,179.15878566672697,24.511792928555654
11.0,-6.0,22.0,28.0,30.0,29.0,30.0,26.032705916457587,132.65975370406022,107.79146169262155,60.14541948080805,185.61068846367004
-8.0,-9.0,12.0,32.0,24.0,23.0,29.0,156.3622137541345,85.33911871963349,116.06165806306392,112.70421430360717,21.73124014782859
10.0,11.0,26.0,2.0,16.0,21.0,27.0,2.864931859973363,78.1594424200155,2.363701363512982,81.72447904885603,16.181196757756222
-8.0,-12.0,10.0,25.0,14.0,13.0,26.0,177.03516560695783,128.55343832984855,60.38096029544822,88.28971225565847,180.05540049584687
-3.0,-2.0,15.0,4.0,2.0,32.0,27.0,66.18770732186763,174.93254205459797,137.82254756219228,191.95513172982913,32.37228081043413
-4.0,5.0,5.0,33.0,12.0,22.0,23.0,151.67624824836528,54.08536354357276,7.082149762551415,161.27631901216944,196.17627303408565
7.0,16.0,3.0,2.0,23.0,28.0,25.0,55.314568927423124,193.64283649281623,87.02128099161135,96.10339610087857,66.51130433748015
8.0,-4.0,31.0,26.0,28.0,17.0,7.0,113.55777968305019,1.7449932040072724,89.48307285925226,25.983888963770173,155.4188684425139
-1.0,15.0,24.0,24.0,30.0,13.0,6.0,113.26344736508534,180.15251275229255,98.51420356697508,124.67862042196825,169.57921795775968
-5.0,11.0,21.0,23.0,9.0,18.0,15.0,165.9379869401853,78.17374702074338,176.75342428965172,39.622712998702305,183.68675880384768
-11.0,-2.0,30.0,26.0,18.0,29.0,3.0,183.427227927737,110.4712647960532,148.77047930477073,115.68957055969842,21.042589652343512
-14.0,-13.0,14.0,30.0,18.0,29.0,4.0,8.128049693052164,173.91026539204702,154.82924014975646,12.515985177106327,197.65762424933183
15.0,-11.0,4.0,12.0,11.0,28.0,33.0,129.70855665071807,88.82549580802188,153.13988645929086,67.27966015867722,104.65792714751956
7.0,-1.0,2.0,22.0,32.0,17.0,33.0,8.451463898417177,152.98677649109067,95.99106332433432,68.55001454414982,139.49932892845146
-4.0,4.0,13.0,13.0,5.0,15.0,10.0,62.97126893144054,116.79359194844791,189.32670263968038,160.609642153623,29.22051876053913
-12.0,-14.0,15.0,17.0,10.0,30.0,25.0,190.4104902821193,50.69930711537718,70.16182544971241,38.972488815822224,125.67484395063218
10.0,-10.0,27.0,3.0,23.0,5.0,8.0,166.8525243704359,7.719935815091139,180.3053474724056,3.966569297183864,23.705741641214573
12.0,-10.0,28.0,29.0,5.0,3.0,9.0,40.99565203844491,188.97038450750318,132.646118602443,59.09518443858044,124.4621331378636
15.0,-9.0,12.0,18.0,25.0,31.0,7.0,99.69613017226042,20.81605613535642,194.96553252096325,172.92829584862105,121.08451265075011
-12.0,-14.0,28.0,25.0,9.0,21.0,14.0,121.35783753063423,10.985964899432599,166.13285904161174,41.93299610075729,154.33830801638874
-15.0,16.0,2.0,4.0,21.0,7.0,17.0,107.35952324433266,190.00375997413988,69.06718067492432,101.80182664927312,164.32897849245174
-6.0,0.0,27.0,23.0,9.0,31.0,21.0,124.72975334656891,108.90693584269762,106.13842470182671,169.03346817554535,107.24935527023113
6.0,-5.0,29.0,27.0,29.0,13.0,7.0,172.48553317876397,130.3516590382966,170.00025051910586,65.14198395391449,129.614288170477
-6.0,5.0,27.0,3.0,31.0,28.0,27.0,100.98881070396682,130.37681856110902,153.04964151281268,74.33743682591665,38.383880906668665
16.0,5.0,10.0,14.0,14.0,9.0,21.0,104.34004668457943,179.72072017068035,182.03179610020902,198.84829619084667,59.91617443462618
-10.0,1.0,26.0,16.0,32.0,10.0,7.0,117.6738092876274,79.56627923964794,183.97097249521985,59.05529740434476,138.35722435014634
10.0,14.0,16.0,16.0,11.0,3.0,13.0,31.51573111903101,113.68522408067989,87.52655645994187,65.90839160858282,7.940941926511869
-7.0,-7.0,29.0,26.0,9.0,10.0,7.0,23.17878293983082,103.65424317336543,175.98390558567687,78.56787316649626,20.554081163549665
1.0,-4.0,28.0,13.0,18.0,6.0,7.0,197.08468385000202,127.03251306559086,40.44694802027253,149.43478443001928,122.19339438405896
16.0,-7.0,28.0,32.0,24.0,5.0,21.0,120.66407108260977,195.31279505715696,192.03589525238468,78.87788266444018,111.5666414538233
4.0,-1.0,13.0,26.0,10.0,6.0,9.0,64.33399172818861,56.460979657962575,155.42363416718345,161.25721801670923,186.69370749383458
-14.0,-10.0,30.0,11.0,26.0,10.0,28.0,153.45860833509954,52.58129420462385,150.2929401841761,147.03218995517202,152.7610519510764
-15.0,-11.0,22.0,5.0,18.0,31.0,33.0,100.48191806479308,37.44957577339769,152.99841261945494,81.08305054101832,67.22776857630912
5.0,3.0,18.0,13.0,30.0,15.0,10.0,126.72694314657151,68.73529643128285,105.42957763179945,78.47650678700377,7.582170653495335
-1.0,4.0,13.0,3.0,5.0,18.0,3.0,151.06614465248518,25.679985041298647,24.942542884099606,44.15609931862177,104.79166202978195
-4.0,8.0,12.0,10.0,30.0,2.0,28.0,140.76084622994932,190.5574636580037,53.72623798965337,124.29399597212078,197.28159364294922
0.0,-9.0,20.0,10.0,24.0,17.0,7.0,176.92951564977076,121.05323483633276,158.70915205634034,4.32297916955422,193.9410841235063
0.0,4.0,3.0,12.0,30.0,13.0,20.0,28.915842506734847,43.14152844286963,81.96496085264606,162.9396658990715,174.6164647386917
-6.0,-6.0,31.0,7.0,30.0,11.0,29.0,33.58393593597613,191.29052087192053,13.71029580523766,74.4330926268777,165.4741555164233
-16.0,2.0,30.0,10.0,28.0,10.0,12.0,4.813270882681753,126.94390686479163,136.39250552059983,12.588739115758019,2.2148164104568435
1.0,-5.0,7.0,22.0,27.0,21.0,16.0,110.82796910829764,169.72774806257422,63.60447492558015,58.20484521888511,169.36253159336343
-6.0,-11.0,11.0,2.0,28.0,15.0,8.0,147.67081902669437,145.82819572830772,2.3529891982133178,73.4663439344956,192.81368281675594
14.0,-12.0,19.0,3.0,18.0,7.0,29.0,87.5892632515237,146.2560992299914,130.6067617879512,193.65076706815944,9.872867878108838
-3.0,14.0,10.0,6.0,27.0,26.0,10.0,135.74031217222603,14.419609237394715,23.556100405416203,189.29039059494224,1.043811774895076
10.0,13.0,25.0,4.0,20.0,19.0,24.0,195.89048864551884,123.71802388777608,18.3895030217192,2.875523676421343,54.70727064558727
1.0,-5.0,2.0,30.0,4.0,6.0,5.0,119.98905991614409,29.70348535257883,84.95375411749124,20.484866862481343,137.37294477976093
1.0,-14.0,17.0,33.0,21.0,9.0,25.0,59.5522613326223,0.8349887052893967,52.629504807614126,88.01865290923028,33.516057728171475
-13.0,-7.0,12.0,10.0,18.0,13.0,12.0,14.348818102325822,88.28043361731717,195.46973468223788,20.685626221546528,11.357229546563596
15.0,16.0,5.0,19.0,20.0,4.0,9.0,5.774226636473068,161.4996497383667,80.80639435512505,162.37234779865912,11.650772881480641
15.0,8.0,6.0,6.0,15.0,14.0,13.0,126.34460524083045,17.723548206996533,96.55212047854604,180.30917744459632,115.56043864020356
15.0,-1.0,27.0,12.0,6.0,19.0,23.0,47.85566375796848,3.5834606549958847,37.35042783858824,13.38137744763741,122.79841378157674
0.0,0.0,11.0,17.0,5.0,31.0,3.0,146.37862446935833,42.73812763926836,63.47422280297028,174.37752033029534,44.96301462880441
11.0,13.0,10.0,29.0,10.0,30.0,2.0,76.80086359157188,15.897635184328074,92.65486421874209,11.352247210158307,196.57207054055928
-4.0,8.0,18.0,20.0,24.0,19.0,19.0,151.67573347749368,156.04501007601164,14.420791144596556,58.472946115527336,18.378589047256888
-7.0,-15.0,12.0,32.0,10.0,15.0,14.0,12.563789286331595,98.52869768679653,14.937056163325945,36.057629284194114,34.24771406974592
-4.0,15.0,4.0,28.0,15.0,31.0,4.0,64.90174080855849,33.890754592158736,33.89937077861565,145.84544691269187,45.1625909936938
2.0,0.0,25.0,23.0,32.0,2.0,26.0,121.71647118566501,32.02877167452929,43.82101466158454,16.699476562832128,52.74756329752477
9.0,13.0,24.0,12.0,16.0,20.0,7.0,81.78352645168734,23.419166535444624,152.22094187530132,63.822685794359124,138.30166824487495
2.0,10.0,5.0,8.0,33.0,32.0,32.0,134.84751023740117,73.66023676136524,106.51451862774249,83.53355110149042,152.0865396650293
-8.0,-7.0,13.0,10.0,33.0,11.0,26.0,38.336644227740415,48.5583022789901,101.89477499837531,196.43352041100917,146.13298614788584
-3.0,3.0,26.0,5.0,17.0,10.0,8.0,165.1424880296762,80.55823320692458,61.82797887125835,107.02693475652273,111.61108261946065
-6.0,-13.0,13.0,15.0,18.0,20.0,30.0,106.46384063900578,27.422724511039398,187.2568909767034,52.26348496787301,72.64435950478882
3.0,7.0,16.0,27.0,31.0,14.0,11.0,69.36210709117707,26.474379939330127,189.0959975883259,18.5084785026175,72.05080114620816
-2.0,16.0,17.0,3.0,33.0,24.0,13.0,65.37535039658404,51.18203898068971,163.1047824184284,104.95470879230528,1.6586492282294474
9.0,8.0,21.0,28.0,13.0,33.0,6.0,179.64818054552399,83.86694906014583,155.5993220512428,32.86718916270828,149.9388449753765
7.0,-9.0,8.0,28.0,25.0,22.0,10.0,153.46714022039544,166.9993852324369,183.56491554923804,19.207197629136495,35.47330576468386
10.0,8.0,3.0,23.0,26.0,24.0,29.0,164.73125593190395,144.35166381435153,111.90586195020616,197.6146611467263,181.98837490913618
14.0,-3.0,2.0,20.0,14.0,29.0,27.0,68.93551094284183,38.39648185040127,75.55519149723993,52.5761460083026,166.61047664374786
4.0,-2.0,17.0,15.0,27.0,25.0,20.0,139.38418772682434,191.75736345707017,4.9954648313695005,8.873041925597903,36.46367118253542
14.0,-8.0,13.0,18.0,11.0,26.0,30.0,55.48180156452154,137.80848968633148,86.20487619685855,96.30297616254713,78.62327640702793
4.0,12.0,29.0,30.0,13.0,12.0,19.0,169.47879180924085,3.3466896305353933,175.6332524374809,82.16325206517838,131.95545677869913
3.0,7.0,28.0,32.0,8.0,8.0,26.0,156.2075872196171,151.61777140088014,74.07403370707542,3.045478064328888,161.5182552882358
12.0,12.0,15.0,15.0,21.0,16.0,9.0,80.09918265418588,184.96778614408106,36.67441553895203,30.885457541828607,194.52736280714896
-5.0,7.0,31.0,17.0,18.0,19.0,14.0,163.20084041570271,83.60548012896216,139.90570378805688,26.70540678030342,7.473656666213535
11.0,6.0,19.0,17.0,10.0,20.0,2.0,142.2882389847312,156.26206666896638,147.37202309308816,88.41822817631831,55.70146925120545
7.0,-11.0,19.0,33.0,5.0,7.0,2.0,12.125764240352922,129.90389445876176,36.515787377574505,34.014549717554374,88.33172838501781
-14.0,-9.0,29.0,21.0,26.0,12.0,15.0,125.44906942640111,76.18394878798776,160.50552556229388,188.61745116238743,42.78574053200022
2.0,13.0,28.0,5.0,12.0,26.0,16.0,54.709273655994764,69.64697382588886,114.11194689424254,57.132696456736,137.46932285371767
16.0,-16.0,31.0,18.0,4.0,8.0,30.0,157.23716096360377,9.810592472782908,67.45485429150759,17.169715970633014,2.788889830370622
-16.0,-4.0,23.0,30.0,33.0,27.0,26.0,52.24171564910021,97.93708105538835,145.54930312249581,147.92782111931854,185.64705617517674
-9.0,-4.0,7.0,20.0,24.0,22.0,10.0,15.559906533963108,128.68995703753558,60.38828434001542,161.68891457779606,79.11937851770634
-13.0,-9.0,28.0,5.0,23.0,15.0,29.0,3.9705608581355634,29.940284913763726,63.12323740417152,79.01690710842342,178.16714505397542
-13.0,-10.0,13.0,9.0,19.0,10.0,15.0,153.16685795930155,67.29916471418282,140.50114266369397,154.22898466802647,106.16358404085369
15.0,6.0,4.0,7.0,10.0,15.0,6.0,181.05486386468385,163.58718869929558,105.8241172194251,128.19328285503283,35.466711280564176
-6.0,-14.0,20.0,10.0,33.0,33.0,9.0,154.66409891644614,159.82266775883525,137.20900415647245,169.0789225433723,35.15358079458326
7.0,-13.0,19.0,22.0,8.0,7.0,30.0,171.92076817370295,162.08902993966223,117.92614633756331,71.15223203572924,30.398153654519966
-6.0,-16.0,29.0,30.0,25.0,10.0,31.0,152.30803411974037,154.83804262626242,23.07652539954237,87.06373928490036,0.14472873968029987
-14.0,0.0,20.0,3.0,3.0,9.0,30.0,3.7462542024025325,63.20247236238292,176.56714709590827,39.18145897696015,182.4875261271488
-13.0,-16.0,19.0,28.0,32.0,7.0,13.0,101.1799519604667,167.51593261136716,106.48151982242993,154.85776151009327,89.5144879320779
3.0,-15.0,29.0,27.0,17.0,13.0,4.0,79.44361307435975,93.45151888460693,164.25596063150047,4.153701628877249,73.63715658028865
12.0,2.0,8.0,5.0,31.0,23.0,9.0,184.76522580427542,143.4929918652319,75.21098854382522,51.20945542972319,70.46606754715611
7.0,5.0,30.0,14.0,2.0,5.0,21.0,0.6184148301660253,127.60724180803035,22.52582309161244,120.38965990135293,60.12503752976463
-10.0,-15.0,6.0,33.0,4.0,33.0,25.0,149.6482272028849,25.64955943625147,198.20212532112217,198.80114910811125,53.54123530674635
-7.0,7.0,33.0,6.0,16.0,14.0,10.0,6.434606905492135,21.605325044462266,52.096351965885226,99.61728301767445,121.28206152848999
-10.0,-8.0,21.0,30.0,5.0,10.0,23.0,88.5309704409467,108.23917819362354,142.4807597929668,85.64781979459934,113.68643588612659
10.0,-11.0,17.0,32.0,16.0,11.0,25.0,152.268590923456,116.23696732833287,162.94208850260497,110.61476796418617,2.158579846057296
-2.0,16.0,25.0,19.0,18.0,24.0,23.0,171.9840172294872,121.52031917908542,166.46590122633384,27.54451442819903,98.55594804334054
10.0,-12.0,11.0,28.0,7.0,30.0,2.0,113.71716505170137,141.33914472120404,35.74290719147264,168.46683777829915,111.58205078025279
-5.0,-15.0,15.0,13.0,10.0,11.0,2.0,34.62258831723011,108.83166864356959,27.102546158817397,15.825221743627903,101.49134499121857
9.0,1.0,16.0,6.0,33.0,16.0,22.0,163.29807982504863,141.90599190625286,112.913353356011,113.58422894643341,97.87633764729176
5.0,-9.0,26.0,20.0,15.0,32.0,14.0,185.65954705598182,11.667817578612482,181.32904618029679,162.5403847086239,29.655566601356288
11.0,-9.0,7.0,26.0,9.0,9.0,28.0,1.5774947225540181,199.79919349329558,57.440972845003714,105.50176877779862,73.01651524385105
1.0,7.0,16.0,18.0,18.0,17.0,27.0,139.79235779528227,86.00761147401282,175.9582318513756,10.254784115138339,124.75873604062653
-9.0,-3.0,2.0,25.0,28.0,6.0,25.0,181.49394643483745,29.67772522866854,5.226093164814527,155.76024801104003,166.71793909691584
-13.0,-7.0,29.0,16.0,7.0,20.0,3.0,109.04576842878019,137.09600147287736,155.99585033337354,67.34610217402488,67.85975247588884
3.0,-14.0,10.0,19.0,4.0,22.0,16.0,156.47340375038087,181.1136274232479,162.73781497548507,36.19580038749726,189.39020021432742
-14.0,6.0,29.0,33.0,28.0,5.0,30.0,129.28597588670848,17.611129992756847,37.44473988173047,159.22650183910795,167.11603996115875
10.0,16.0,14.0,18.0,5.0,22.0,4.0,111.27799066441875,82.59116069891823,118.00053920557558,169.8884130497081,82.37057938686296
4.0,-8.0,30.0,32.0,26.0,33.0,28.0,197.92262283396545,84.24838729355734,99.74519886178098,181.46169181237428,46.23024401438809
15.0,-11.0,19.0,32.0,33.0,2.0,6.0,166.1587190499915,93.27088277379158,83.85701773566952,163.05850705112033,14.916470703069251
-14.0,13.0,24.0,7.0,17.0,26.0,19.0,30.61556584694638,166.42085944949972,36.64368144581977,106.51728300895181,29.267225672894348
7.0,9.0,12.0,8.0,21.0,2.0,5.0,154.40543137758092,76.79403475641395,179.39214627926526,147.758307106713,117.02895651586245
-2.0,8.0,6.0,13.0,7.0,25.0,7.0,198.33015952743762,37.51029633401264,115.20996422484495,113.78486802361958,74.53023420483547
-12.0,-5.0,23.0,16.0,2.0,11.0,10.0,86.09169774154975,11.922329893433382,182.82648416998722,125.68459210416063,112.25138618395331
-4.0,-11.0,19.0,8.0,10.0,12.0,27.0,6.036960144831571,89.75698487257037,11.392032787533758,101.58552028468799,170.63398303786994
14.0,-14.0,28.0,33.0,6.0,15.0,12.0,189.91714734989594,57.95665271252955,34.13608949771094,122.07126801375736,160.54350194882574
11.0,5.0,5.0,10.0,10.0,17.0,5.0,154.29071667007577,120.80348947727839,24.357567471639683,92.36741058674349,48.92234042873773
-14.0,3.0,12.0,9.0,14.0,19.0,7.0,141.0063509595968,188.7035593672022,147.84583845604985,139.0161342220685,119.15604023156683
-13.0,2.0,9.0,20.0,17.0,5.0,2.0,31.784581037733584,57.78504449210633,140.67944060940135,30.502975484808736,173.651065890306
-8.0,-6.0,23.0,32.0,19.0,32.0,11.0,35.41988666726539,149.03964338055772,184.7446652892208,49.026369312954145,24.903805985602023
-13.0,-10.0,18.0,8.0,27.0,10.0,25.0,45.61618554868352,163.54556276968864,149.11162663888874,150.64620455561464,155.93552638806298
-8.0,9.0,11.0,26.0,24.0,7.0,8.0,31.766247894399413,107.30370178524157,43.10602570578488,55.07211730200279,11.073831957015013
11.0,1.0,14.0,9.0,18.0,4.0,29.0,20.517727774993144,53.02992652090246,84.44512506742706,47.37567205865088,1.4398033666944476
-13.0,15.0,6.0,29.0,18.0,24.0,21.0,26.865017872736985,76.98870992339953,119.63493525671302,128.48737080534335,145.871473419069
7.0,-7.0,29.0,26.0,27.0,12.0,7.0,123.20428012239013,90.96941603064639,193.76059005898918,26.53087553084572,165.24256962804935
-4.0,9.0,26.0,7.0,27.0,22.0,19.0,156.55991673845975,20.26798060571533,102.36179899522982,131.9280226374379,161.00609052643657
-10.0,-3.0,29.0,14.0,26.0,21.0,12.0,161.71792940102011,55.743953243612566,22.77001923846038,141.96186070217578,172.00436672846538
-15.0,-1.0,11.0,15.0,12.0,25.0,10.0,169.088866390745,54.5128488090078,103.34911477754692,113.78545547656623,135.00476241414472
-13.0,16.0,29.0,10.0,16.0,2.0,13.0,95.05593088805998,134.46333158531579,184.76268608593216,50.882902335835524,131.05753070162075
7.0,2.0,21.0,11.0,7.0,20.0,26.0,183.746727564423,194.14929833133192,152.7452388770298,38.97896277160342,176.31301266697915
-2.0,6.0,18.0,10.0,6.0,20.0,32.0,137.2575588669892,126.8550435712966,189.4108860147796,63.70475902904453,147.9373245259175
8.0,2.0,22.0,19.0,16.0,9.0,18.0,9.684156037987357,40.13835749140677,51.449942573364815,59.734225890251615,68.92430165943631
-5.0,12.0,20.0,11.0,28.0,27.0,27.0,1.28239750109862,79.0960326255697,26.408200221175782,106.71681497221223,104.7828187634365
-11.0,-12.0,23.0,33.0,18.0,12.0,21.0,43.71684291747202,162.60100668347405,72.98353249916076,9.539990367770134,143.06519696749166
8.0,15.0,4.0,9.0,12.0,14.0,32.0,20.03360150899438,166.95281990885962,192.37891840093283,42.10552138917836,4.762408303394827
16.0,8.0,12.0,13.0,21.0,3.0,8.0,96.29395663614666,32.17086161661569,88.42754062742382,60.88771495885257,86.57894108759474
8.0,3.0,33.0,28.0,12.0,32.0,25.0,3.1406978042131772,125.94668768435812,3.9872338633368143,103.07413697372544,40.29348117016121
-10.0,-3.0,13.0,33.0,15.0,10.0,28.0,23.045630619034018,60.07285886419895,119.32402262406951,26.402240688269462,43.00297788472813
-15.0,9.0,33.0,16.0,27.0,26.0,16.0,91.27244554003599,91.81183795235933,188.0228645194547,57.1509447839627,58.91504310012261
-10.0,3.0,21.0,28.0,30.0,27.0,24.0,26.249502119237622,103.00453869048872,125.92268183112267,184.27363258560953,158.90136744728883
-10.0,7.0,29.0,9.0,26.0,2.0,15.0,58.28257226573121,94.12638622135385,159.32161628140292,97.82393383587925,8.367034768421533
-4.0,6.0,9.0,14.0,19.0,11.0,24.0,168.62070394049343,49.68149266632007,173.94687042339666,104.87801491903402,176.1076324355239
-15.0,-15.0,7.0,25.0,26.0,25.0,30.0,49.85007980670557,197.1235980263975,26.544456679403194,77.35317539400661,74.63226437521537
3.0,-11.0,30.0,19.0,22.0,5.0,4.0,38.91223996162656,80.27298154486475,78.51240873308818,70.08428277307392,154.35542847074743
11.0,12.0,23.0,4.0,12.0,10.0,7.0,35.547685915093474,99.80764335293013,113.76037023638878,121.35221777160834,146.00696950222581
-8.0,-2.0,23.0,24.0,32.0,11.0,27.0,85.66083730240403,182.646240550454,151.67834862120208,32.05183580322175,131.22713938513044
0.0,-3.0,21.0,16.0,22.0,13.0,26.0,12.493752139699321,152.70607385931794,114.83904372513894,127.71655774158421,193.56306270450554
5.0,1.0,3.0,19.0,18.0,8.0,3.0,143.368758084641,13.601231972778294,85.99576422410553,29.623677295167173,107.28954145242389
-1.0,3.0,11.0,19.0,3.0,27.0,24.0,194.46786166933535,15.364870371560112,22.210996156973884,159.80170505649838,78.4138130054854
9.0,15.0,8.0,11.0,10.0,31.0,18.0,161.69918094919245,65.62527544205237,0.6341313986058195,86.49443977337083,51.463412540801755
7.0,-6.0,32.0,18.0,9.0,2.0,19.0,125.40238736065605,97.24954886691162,170.28784924713057,178.54549002365448,34.243497499362306
6.0,-11.0,18.0,18.0,13.0,31.0,2.0,40.54806002336384,30.676092136675635,119.01753558272064,101.00521556848588,179.25386618610568
15.0,2.0,7.0,24.0,15.0,17.0,13.0,77.07868429381146,102.95920065850943,75.69515310714716,34.05698241957251,93.93499628320635
11.0,-9.0,12.0,18.0,15.0,18.0,29.0,184.3409978249185,187.40965956765652,1.276603209775673,148.9722459689736,133.52594301307957
7.0,4.0,5.0,10.0,26.0,4.0,20.0,157.47342117767204,171.30723845000028,118.7721847294887,168.91672094985736,92.83504650548832
-6.0,-16.0,17.0,25.0,2.0,27.0,21.0,181.30296796796156,63.94526352167333,22.846574894453163,46.58388836944307,115.39544462606163
6.0,15.0,29.0,33.0,22.0,31.0,13.0,21.35269263049493,35.99349022301013,193.20202641438428,84.5228007010411,9.632240925641856
-13.0,-7.0,18.0,11.0,18.0,33.0,3.0,190.6847064325271,157.37588660591229,69.43224755614372,55.68547951183209,151.49972622222904
-11.0,-2.0,30.0,2.0,21.0,32.0,4.0,165.59979229642596,24.811724318330164,5.681316915216983,6.938464372244524,70.83767777225201
6.0,-5.0,25.0,20.0,17.0,2.0,15.0,73.15987878586812,51.07315508406545,83.78577542422447,118.22002675125853,18.97905701339799
-9.0,13.0,24.0,9.0,3.0,24.0,21.0,142.16976616704886,25.431658887104682,134.637155865744,113.164007827076,137.11992605836522
5.0,-10.0,11.0,21.0,13.0,32.0,2.0,55.44456938853119,31.180062795469677,60.41432216073341,178.70895586251436,17.482164340446605
-1.0,-6.0,30.0,14.0,29.0,13.0,2.0,90.87043708600125,152.94419005575014,58.465784534115286,104.3155698653322,1.155316369280568
-13.0,-11.0,12.0,22.0,21.0,29.0,32.0,199.58084100943634,181.30406167074653,91.69624023768117,42.86845647349536,46.234192977919555
4.0,3.0,22.0,18.0,26.0,28.0,32.0,105.1926342201705,49.10065645703676,108.39931896215882,13.336056536757424,145.1826230337147
-4.0,8.0,16.0,6.0,3.0,21.0,31.0,172.26803896902203,46.17351256500062,83.96384293852289,150.80752075157056,115.60184865879731
11.0,-1.0,8.0,28.0,15.0,15.0,11.0,134.00196626587206,146.828555564642,85.90831498096875,44.79677926263539,179.5766496362981
8.0,4.0,9.0,18.0,17.0,12.0,13.0,164.85726090829692,66.53565307752862,90.58647966900138,115.28471063607064,167.87842453958618
-3.0,14.0,10.0,8.0,28.0,31.0,10.0,108.8861773095771,59.44539742586876,123.6426282621736,48.99894472316204,161.41875847663306
-13.0,12.0,20.0,23.0,8.0,22.0,33.0,14.31191096397435,51.61450258643265,41.20351840416991,15.564637980397977,170.83301672131287
-9.0,12.0,13.0,30.0,28.0,13.0,24.0,47.32480198038927,148.48136868521135,179.18605749046495,179.86454043761094,91.33639061566636
10.0,-2.0,18.0,16.0,30.0,11.0,5.0,52.11047325458931,127.78601234441416,167.64840570074225,43.602894419868306,147.347537027767
-1.0,9.0,32.0,30.0,8.0,15.0,18.0,125.56799014638173,75.0800589135828,169.54117517733147,0.1949077118730047,45.22556976153804
-4.0,12.0,2.0,28.0,32.0,30.0,31.0,96.81478343502823,174.21464032059401,50.119963413651014,143.77731892464857,26.710951928120473
4.0,-6.0,5.0,29.0,5.0,33.0,32.0,93.2217044538799,168.53821232603713,79.52669037476747,7.6189424724042,10.79083579226847
-12.0,-6.0,2.0,3.0,18.0,32.0,26.0,37.597651214988744,105.49181744056122,14.502885779014507,5.264338978670469,26.962981726209033
-1.0,-3.0,33.0,30.0,20.0,6.0,14.0,27.318244187968045,22.282434073760893,67.14758852893488,10.536908310411874,188.0985095206599
-15.0,1.0,27.0,14.0,14.0,16.0,30.0,59.98247673815194,99.56143904649106,108.88498512635196,134.22128142633045,59.90872983977753
-9.0,6.0,6.0,28.0,32.0,19.0,3.0,71.78483856224753,99.21328623222252,30.096064052246717,24.121389988648765,192.76472734315485
-16.0,-13.0,3.0,16.0,29.0,21.0,31.0,47.82640208287881,32.9646738644062,127.69024925956126,68.37311548292915,144.32293060206868
-4.0,10.0,27.0,20.0,18.0,3.0,4.0,93.44459011041863,22.468766187699597,171.58917970167764,126.83496534495279,198.55622293557838
12.0,-10.0,5.0,7.0,8.0,27.0,31.0,54.489168015623754,22.245781298578994,54.39036944245152,4.997309208235978,37.58126412699843
7.0,-4.0,20.0,18.0,33.0,19.0,13.0,6.659693530283306,44.23606692201485,189.0173177639524,162.5218255845888,82.89576614901617
-16.0,5.0,12.0,27.0,8.0,13.0,21.0,40.283840226307845,31.1132240732918,9.401270345654567,153.0605410367092,187.51030287044028
8.0,-2.0,5.0,8.0,5.0,28.0,33.0,59.29455719780301,199.3446190199039,86.98903623348659,36.860083522089624,191.49149363829605
-1.0,9.0,12.0,27.0,27.0,19.0,4.0,48.493090168540306,169.41229530046243,32.3974714023159,116.61008025200125,113.07328718949358
16.0,3.0,32.0,25.0,16.0,10.0,12.0,199.8721629718367,83.3956084524803,180.2868920080813,46.73675958126573,142.25670146367892
-5.0,-11.0,26.0,17.0,19.0,15.0,4.0,147.60680984515707,37.20518182459334,182.20866358443973,87.95889376217167,42.74093205934504
-12.0,-14.0,14.0,23.0,26.0,32.0,31.0,37.91743862416277,153.0786312766044,32.29141204158288,110.64238042956973,31.029369158626707
-5.0,7.0,19.0,23.0,30.0,26.0,11.0,47.9752680719639,121.89757624015729,10.8266173556834,164.03776379669583,88.83343114470466
14.0,10.0,22.0,31.0,20.0,7.0,31.0,3.627498417486197,7.884049474982868,143.1852089698824,162.69940589190176,118.27599808792588
-3.0,-4.0,19.0,2.0,23.0,11.0,10.0,191.26885869231864,138.5753555155197,184.36994384983524,185.07345153827498,76.2075833099294
4.0,-12.0,12.0,17.0,6.0,24.0,22.0,15.402278877033492,187.00888996128177,78.84441607055128,189.99297961435698,180.40719255264986
-16.0,11.0,18.0,12.0,29.0,33.0,12.0,71.53715622435091,0.12651451014631387,136.04259650007998,129.0151658201134,29.6041289108993
3.0,11.0,21.0,16.0,10.0,12.0,8.0,1.2487731582526695,96.53659432618741,50.71366306981051,135.02548153697762,22.011007788001756
1.0,7.0,4.0,5.0,25.0,22.0,16.0,181.09528826909568,177.67837450824152,136.50614984448137,125.317424978924,129.9065023954552
14.0,-16.0,7.0,29.0,2.0,6.0,26.0,67.28114903802549,136.8762602030424,144.85116242916652,155.87448008043697,45.13645824596912
4.0,16.0,9.0,32.0,17.0,11.0,30.0,119.7658612416467,16.813123672049123,81.99358418893998,39.08750004009438,74.85086082644447
-11.0,-7.0,16.0,16.0,15.0,28.0,4.0,61.69790893760043,121.12918644141408,9.503415145299577,105.04539009874843,197.79868735086205
6.0,6.0,4.0,26.0,3.0,28.0,13.0,100.19103099129526,55.01682953378293,44.61255731982918,35.19255964990131,131.39836320810522
-6.0,-4.0,13.0,20.0,32.0,24.0,12.0,148.43136456434775,11.76668193379966,93.65897301130089,110.22478892463843,134.95493169256704
0.0,6.0,8.0,20.0,14.0,9.0,7.0,131.90270254367786,113.4417831004864,36.92947149482959,14.457696834340084,74.53134929769043
16.0,13.0,5.0,31.0,20.0,28.0,11.0,155.90130398673568,184.03248285355454,103.68224782624695,158.99764998960993,131.15260438626314
0.0,-6.0,9.0,26.0,13.0,10.0,14.0,30.77827060070819,170.68668641425984,103.37212455894853,30.473091225862593,46.617950735383594
-16.0,10.0,23.0,19.0,21.0,11.0,16.0,100.72003016134312,104.08485236304219,52.39899573010172,111.51782418810274,38.993873163289706
6.0,1.0,25.0,31.0,5.0,7.0,26.0,56.46380829774316,105.7914525328841,49.52231199935115,0.4200248022700581,171.16728581726355
-9.0,-2.0,27.0,2.0,5.0,5.0,3.0,150.5361159756202,80.28138864847429,39.63546572619414,34.445369534641124,130.26414417119292
1.0,7.0,31.0,7.0,22.0,9.0,30.0,131.29186409913973,20.70131438478726,185.35655342611463,2.037181904948371,77.27016261109421
5.0,-9.0,10.0,23.0,17.0,20.0,23.0,151.31042544387384,193.43882963717127,169.5807527449498,71.22619416754996,8.08721307883442
14.0,-7.0,6.0,6.0,22.0,22.0,23.0,103.06775216942185,28.52060498467832,19.485424958851617,76.3124785026088,85.88752231306678
12.0,-13.0,3.0,30.0,32.0,5.0,28.0,18.066878086616267,154.31102160240485,36.8470570194316,100.10381655777579,20.744470091047518
-15.0,-5.0,24.0,8.0,2.0,6.0,20.0,107.70261841984467,23.94193074850395,181.95387856940417,104.50683735665282,105.14412089500588
-12.0,-6.0,5.0,2.0,7.0,4.0,18.0,155.82673507557226,126.38880674884476,124.76971851546045,90.42643860499979,63.52647885306104
1.0,4.0,13.0,8.0,29.0,22.0,27.0,147.9885734844577,112.19593382904523,141.18795122247292,171.90171468007904,35.96538129439328
-11.0,-1.0,6.0,12.0,25.0,4.0,12.0,151.11043903691498,126.4961441251863,53.52211241999731,40.66700332087707,135.21110369512536
1.0,16.0,10.0,2.0,24.0,11.0,32.0,143.025592637355,148.9129528215471,178.27358409910238,188.3084989994595,152.7474993561934
1.0,5.0,21.0,27.0,21.0,33.0,5.0,146.2216326659348,170.09212494217502,2.2515992183998357,76.19538959470735,189.07544066692276
-12.0,12.0,7.0,33.0,14.0,22.0,3.0,9.472336315300911,43.28873707282534,154.35763177329727,18.742435336638973,171.42094808610474
15.0,3.0,31.0,9.0,4.0,26.0,25.0,189.45079391237738,187.25236998510366,68.30802054554243,96.09400902575489,100.59393356099966
5.0,-5.0,23.0,2.0,17.0,19.0,31.0,20.734932560142628,91.87139692782218,134.53441611923515,87.18147879697867,144.0820493027393
5.0,3.0,22.0,6.0,26.0,32.0,12.0,98.83485194414297,164.64580949626415,164.4429442548411,129.3736233009201,105.27332454422911
-2.0,-1.0,3.0,33.0,14.0,18.0,20.0,13.563183578320448,122.64077846417405,176.52446376889645,104.99491368913397,23.012627470025148
11.0,15.0,22.0,9.0,26.0,19.0,23.0,66.94682704048671,13.207024430118054,63.26569015414702,18.06884687940007,177.1914444915708
11.0,15.0,17.0,8.0,29.0,10.0,7.0,48.71066282302778,71.53175664939286,8.829117336951665,130.56583399559446,164.98640301603035
6.0,-11.0,30.0,16.0,19.0,32.0,27.0,73.6796214490214,74.15909601151964,189.7618413633331,50.188818248477254,68.23587537319142
15.0,-4.0,24.0,25.0,7.0,14.0,14.0,106.31574318028945,7.4505977340288965,191.56752080844404,128.45848189377404,30.284687623523297
3.0,-9.0,31.0,22.0,2.0,17.0,2.0,85.7308268571138,155.600495466111,102.2197128056288,158.07994022327983,12.966064848187987
16.0,5.0,3.0,16.0,20.0,6.0,29.0,163.6436152096033,80.5672244292302,27.234426708047764,17.962920610594924,155.44043229039823
-11.0,-10.0,3.0,7.0,2.0,9.0,16.0,93.01620373359117,132.9007599644342,66.61199694011376,174.5833285416059,20.467316487985432
-9.0,-7.0,12.0,16.0,2.0,14.0,18.0,24.16177150008121,105.85149382982084,28.970623672615204,61.943647235941725,135.51244965200686
-16.0,-15.0,2.0,7.0,5.0,8.0,5.0,101.10218882348043,183.3666074210311,61.97428152647835,149.98975713852246,8.120378272275008
3.0,14.0,8.0,11.0,15.0,30.0,10.0,126.44082720309959,0.2701733510218185,159.68992144538856,163.0112343975534,97.50752216984037
-10.0,-3.0,4.0,26.0,23.0,26.0,5.0,123.29328626347365,20.03502391300853,82.47750061051127,109.65194071687394,44.41494796187029
-2.0,-1.0,6.0,2.0,14.0,4.0,10.0,164.58529202930214,113.30619766183487,105.89707753457802,125.34445035828752,21.091209884520467
8.0,-2.0,31.0,32.0,10.0,21.0,2.0,169.4566475623449,129.52332912837957,157.39564041124166,53.77644556202328,99.35164699180783
-8.0,11.0,21.0,30.0,19.0,19.0,9.0,35.19185844860551,193.89980159323258,169.90335648531675,134.0222120623472,142.46642729506712
-7.0,13.0,4.0,8.0,12.0,20.0,5.0,145.04007747695505,10.702931145843175,152.83572855772013,193.38004781604735,42.79618879597369
14.0,9.0,15.0,31.0,19.0,29.0,20.0,57.74750364990589,178.70966383906747,0.5802843509844946,62.377365599907364,12.669633673061664
0.0,10.0,8.0,33.0,15.0,5.0,18.0,180.21167794561396,5.174416852508612,24.237298696718355,83.84020677152171,58.16502050548414
9.0,-6.0,20.0,11.0,29.0,20.0,30.0,25.630422687703458,169.71811433152394,153.0607117900844,88.48886081408924,148.45037244430577
12.0,12.0,21.0,29.0,4.0,7.0,20.0,158.85398697387657,155.60637525118267,129.11039414280552,163.24642427117425,151.65324588543362
-10.0,16.0,9.0,2.0,7.0,12.0,25.0,100.89595300693188,81.85731159876511,73.71641739673531,155.42661849286407,130.20221221142526
-11.0,-4.0,2.0,4.0,19.0,9.0,22.0,143.64387342007362,75.91481457018372,158.99902772771384,87.60262845050579,187.49189077629717
10.0,-1.0,5.0,25.0,7.0,21.0,24.0,112.99001160764075,156.0378555621418,52.274011765694304,126.02103825262951,67.92167080531695
-2.0,-11.0,7.0,12.0,26.0,22.0,17.0,135.04728622846923,119.12369216410721,70.25787735099398,187.32297950298891,131.44459682831345
-12.0,2.0,18.0,9.0,10.0,29.0,21.0,111.91174229976382,188.81702699244602,61.53381805228331,101.31659777647658,12.815341303981587
-10.0,9.0,15.0,19.0,11.0,14.0,4.0,69.37489901456044,0.36807059861305724,89.37709698400971,64.04410352187281,81.2316585851178
6.0,-1.0,20.0,21.0,25.0,14.0,12.0,172.95235118129523,110.37321285752537,152.24372971239225,69.93413880516582,166.18802863713148
10.0,-1.0,27.0,14.0,11.0,30.0,18.0,13.713611216928111,82.80631487083822,135.84880594086962,156.8775368433595,197.87342413133663
-5.0,-12.0,8.0,7.0,11.0,15.0,28.0,29.051623908608693,171.809897408814,133.21664278897288,142.93087078504666,22.771853877720048
8.0,15.0,22.0,12.0,16.0,15.0,23.0,67.6319723140137,54.561656536802914,149.97977316417501,190.9281061201984,198.28173042697173
-1.0,-7.0,11.0,15.0,23.0,10.0,5.0,168.71120374189402,22.113215299170186,79.47440073004893,102.79521266324639,84.96499609626022
-16.0,13.0,2.0,10.0,29.0,26.0,7.0,182.69511988902568,120.74528411769379,124.42485451812013,107.53806470327254,32.822991373722374
10.0,-13.0,28.0,21.0,20.0,26.0,16.0,57.47285688044106,104.45141620371079,75.17281725786695,157.92450539923345,95.99630090483062
16.0,3.0,5.0,24.0,15.0,6.0,27.0,189.5505261611674,26.36844907906335,55.91147759495638,73.20718441377451,40.90887890719499
14.0,-16.0,20.0,5.0,23.0,17.0,6.0,147.74212920778146,34.47105916668547,155.56127132436023,49.07008341711647,0.17540521432268807
4.0,-3.0,8.0,17.0,18.0,13.0,32.0,180.1620289703231,54.18617142475981,109.82873838552814,170.5881236998342,129.45457129814008
1.0,-7.0,13.0,30.0,10.0,13.0,21.0,94.34626713428045,117.78783947591319,58.37851019530933,51.21542553432226,110.47405616665087
-13.0,1.0,6.0,7.0,11.0,13.0,18.0,169.5625480014055,47.213458799623794,127.04619007711358,59.7523569848712,109.73923095146701
8.0,13.0,32.0,14.0,5.0,11.0,16.0,97.84204137559512,28.31172071976278,187.1344644989239,59.360157382879834,13.922512451826385
14.0,2.0,10.0,31.0,6.0,14.0,21.0,33.44964620644841,19.794100286568717,148.2908252614897,187.4800902171341,198.2346684461134
4.0,-8.0,28.0,20.0,16.0,27.0,13.0,150.74853187418756,129.07835574713172,117.05505588433482,117.15900998895394,6.562117663288292
-5.0,13.0,33.0,20.0,9.0,20.0,4.0,108.89292832102744,4.3828597345859865,143.28713310291053,2.050513709375945,177.47495597175367
-2.0,-1.0,21.0,4.0,32.0,10.0,9.0,53.15857738844547,114.45492726370018,179.54656946251905,110.91584313892497,152.55515133068232
-12.0,-2.0,11.0,30.0,9.0,4.0,11.0,19.451892112766302,78.56617445739363,27.693083947022146,121.86812548174086,177.43722272875587
-2.0,0.0,17.0,8.0,32.0,10.0,20.0,128.00589765972367,176.3244251150444,188.6295751778735,97.8163208241849,93.93389819081577
-10.0,-1.0,18.0,20.0,31.0,31.0,24.0,178.52586518662142,56.38458470096952,74.68482794322071,85.15089840830584,87.99421388993578
10.0,8.0,5.0,26.0,10.0,17.0,15.0,146.09903153210675,90.1569464692447,131.0600460423638,97.10250217923763,24.75162826229582
12.0,-12.0,3.0,10.0,32.0,10.0,15.0,118.05352031357353,135.08313167587912,177.25038858766843,191.83611828212256,85.53688516206344
5.0,3.0,32.0,24.0,28.0,2.0,10.0,131.9124822121595,191.34180731962732,32.672985247785235,23.573568823290625,99.97933684198318
-1.0,9.0,10.0,26.0,7.0,16.0,15.0,158.1558277192232,48.47563222583842,142.9121912116695,159.51407962981085,18.596846209878336
6.0,4.0,21.0,27.0,31.0,20.0,3.0,186.7043297879146,159.3379347476746,178.9204294025095,79.7197279277148,50.69613052174569
-10.0,-7.0,6.0,26.0,26.0,22.0,10.0,182.250708271212,46.522752008757216,196.7602901282591,139.21843778057627,10.830877928691574
6.0,-3.0,24.0,30.0,30.0,31.0,6.0,22.641910284156165,145.37447906073584,199.6621038813281,14.925870321809033,195.22298144127052
12.0,-9.0,2.0,6.0,26.0,20.0,2.0,76.67111802819737,107.9182739416439,101.35345598918812,11.491850017817917,10.327818848832226
6.0,-9.0,21.0,13.0,29.0,27.0,29.0,92.54469388070714,186.21797000302988,71.31430795058769,74.04859565506324,128.07002824954628
1.0,-16.0,16.0,8.0,20.0,12.0,23.0,52.28351766008148,182.33750429840984,167.9101066615283,74.71983986356798,177.21317450756635
16.0,8.0,19.0,27.0,9.0,30.0,22.0,98.94015068423911,2.2879819025233505,172.3022921819005,85.08618422487508,183.9629341369608
-1.0,-13.0,13.0,23.0,15.0,25.0,11.0,88.65094722065288,140.598728415995,27.46740836671373,9.485243475216866,154.87680293445055
-11.0,12.0,20.0,9.0,29.0,9.0,32.0,191.07461732596553,181.79820419535733,125.09974068701626,57.28618704196651,131.958681931952
16.0,9.0,30.0,20.0,26.0,10.0,33.0,132.77530640344145,142.66742579701412,96.68759018994899,144.07353986903405,35.248041542129414
13.0,4.0,13.0,2.0,16.0,2.0,28.0,23.645697113716245,160.10370691179995,132.05397172048993,197.6670678650843,169.51572608476963
2.0,10.0,2.0,11.0,8.0,3.0,19.0,196.59314877232993,110.59488273938621,130.72739460259356,127.95622233456638,170.10443059083366
-16.0,7.0,5.0,27.0,32.0,12.0,6.0,180.14689409501386,113.95291495750828,25.242360043505062,59.45012288762743,94.14088921521382
8.0,1.0,28.0,9.0,31.0,24.0,18.0,112.88198765407338,169.82004332897318,145.76618502978852,129.06901445082798,41.87786914518195
-11.0,-6.0,21.0,5.0,19.0,23.0,13.0,48.92600864731571,153.56392945739046,6.296051169062666,43.015728775605645,168.502773610686
-7.0,12.0,17.0,20.0,33.0,10.0,18.0,190.30339014554835,141.89565143068526,65.23370737392715,6.594803797267512,149.85925353251582
-9.0,-10.0,9.0,10.0,20.0,13.0,7.0,111.60770112623332,144.23480729424884,194.2683787553279,193.1154087838836,62.84774429856983
-2.0,-2.0,19.0,3.0,30.0,5.0,21.0,119.00999890885049,3.3340494071081306,196.83401303899012,125.6798562227984,113.88403577501217
13.0,-9.0,16.0,22.0,8.0,25.0,31.0,95.99403877895239,155.66916761418005,50.931855622652634,172.54262079520072,133.28929562415718
-14.0,-7.0,2.0,32.0,6.0,25.0,21.0,157.39130045447826,47.999107551464526,33.00985565749288,22.532463132626845,135.37709486429864
-12.0,5.0,15.0,17.0,23.0,17.0,27.0,24.134859132029128,199.10465383117116,45.3971606302257,73.37211793891392,84.8108889255966
5.0,-7.0,3.0,23.0,12.0,32.0,15.0,1.2092579562255068,85.87883264834106,176.428653126421,39.60992805557271,119.11922578459698
13.0,14.0,29.0,23.0,22.0,29.0,19.0,178.15146674719756,166.0851591276503,121.08933414242516,159.69143754119483,129.44145797449843
13.0,1.0,19.0,26.0,21.0,13.0,24.0,144.1628642400551,165.81195922817486,170.0904760610203,27.726048855445118,68.7093381424104
13.0,14.0,11.0,21.0,15.0,21.0,7.0,164.24568646044523,38.713590648915485,105.00843049552564,84.60529749700856,29.630596372163964
11.0,2.0,7.0,21.0,31.0,22.0,24.0,110.52324534715811,11.179228312622325,155.99681140941703,192.08765291393237,142.75120372117166
0.0,-15.0,18.0,15.0,33.0,20.0,2.0,117.12440039751897,148.23880458271827,195.23070635036723,147.26820195328284,182.24799002547786
13.0,-13.0,21.0,8.0,13.0,16.0,15.0,116.44607019543555,44.44679868259276,79.14101953026784,18.36918261007108,137.62591099339863
-2.0,9.0,23.0,6.0,2.0,18.0,19.0,42.35958315476724,50.34971652762563,68.25477153490816,174.3086862652936,77.24912489364345
-3.0,14.0,15.0,9.0,32.0,18.0,4.0,134.95389766998753,197.26488853232985,74.72388980390838,144.18757162539504,41.15062107839351
1.0,12.0,3.0,16.0,5.0,5.0,13.0,185.75220965653315,132.10549254068945,77.815647956068,170.2954272340157,167.28845113122938
-9.0,-5.0,27.0,8.0,27.0,12.0,33.0,140.90697781789234,78.0126838646176,89.33067166605437,110.99781805035249,48.95517587007592
-6.0,4.0,25.0,33.0,26.0,11.0,5.0,133.93856768390162,44.257447151808016,95.65214352950282,68.83562188360521,171.20362108470894
-6.0,10.0,21.0,33.0,24.0,15.0,9.0,44.33395931106789,175.54417729683317,167.77837508483123,8.123343436593021,146.5008149470937
-11.0,3.0,21.0,33.0,24.0,9.0,3.0,128.7252123578989,161.99421051629017,53.83685661473496,146.39337356135002,190.68186990892966
3.0,-8.0,25.0,21.0,29.0,3.0,23.0,63.24662133025814,166.89074109717617,191.18774914514196,160.13213792615096,16.622889769028948
7.0,-5.0,14.0,23.0,6.0,29.0,6.0,76.75106584974274,71.44155097145142,198.10424196866578,89.3665319253502,73.1396993861301
11.0,-8.0,18.0,16.0,32.0,7.0,11.0,95.89076135381703,62.95822249468435,175.87977701620792,197.4863484044009,185.4672619210869
14.0,16.0,27.0,26.0,6.0,27.0,30.0,85.53896747080927,94.8552551993568,142.23588364785584,9.221545959798561,121.28128758258477
0.0,11.0,14.0,20.0,2.0,29.0,26.0,101.44950405464088,4.5600469979651725,160.28853687308342,160.49617435637512,75.43121119093372
8.0,12.0,5.0,24.0,24.0,7.0,8.0,23.00526563774852,175.1370566637072,3.484204536760549,186.09907099106888,5.7971086551238615
-9.0,-10.0,22.0,23.0,27.0,9.0,24.0,167.85674180895998,192.43762748739982,160.25076615206925,44.955267773705046,71.14283921600413
-10.0,-4.0,29.0,24.0,18.0,9.0,26.0,103.25415364120016,199.7004959319226,97.56680292194244,43.94756604276671,98.55966446524029
11.0,2.0,15.0,9.0,17.0,4.0,2.0,29.205842086486754,103.10887693442471,151.4401467511101,174.5521773129423,139.63049641947634
0.0,7.0,28.0,9.0,28.0,20.0,13.0,132.54774914342752,53.08995596118602,52.200619658933014,148.8294763620773,136.50021651110532
-15.0,2.0,18.0,29.0,14.0,2.0,15.0,85.85171728268874,192.71371791498112,35.54993756652092,101.09992423374692,122.24425901273806
-5.0,-13.0,11.0,31.0,2.0,8.0,7.0,61.771840180188796,37.87204282312149,22.079398788083804,189.904144456052,136.16298963228252
11.0,-2.0,29.0,13.0,21.0,29.0,33.0,159.21625304741661,63.94840171083027,25.669123271408132,105.03202471112722,92.87145800525384
0.0,15.0,23.0,6.0,22.0,13.0,3.0,155.94840483987886,29.10896668383689,59.05499197065684,76.19966123989308,154.0032789103355
12.0,-2.0,17.0,25.0,11.0,27.0,31.0,63.05515036814355,61.21898855866921,110.27319027992093,0.44259950150236094,143.8803188175377
1.0,2.0,2.0,4.0,5.0,6.0,12.0,47.05007797073666,87.52825814455696,129.60869602911245,188.10439583269329,170.6261481275278
6.0,15.0,25.0,27.0,8.0,11.0,23.0,169.52568408933053,111.48570660675041,177.57426443318604,23.190450240334393,40.20162344476805
-13.0,5.0,8.0,32.0,22.0,24.0,21.0,147.69866796367006,154.48971158965134,188.30734171737404,34.024117286220836,7.25103032425809
-13.0,13.0,15.0,2.0,27.0,22.0,4.0,1.9076581919622804,130.26956271934657,40.43746926196845,171.60538311668654,143.16466804778292
-2.0,-16.0,33.0,7.0,5.0,33.0,27.0,170.59810381054209,182.99304330205464,3.3237193833991485,186.73400225689605,124.35532844817104
11.0,-3.0,15.0,13.0,6.0,10.0,17.0,17.526447924617194,53.27001470968693,86.5991174259649,64.79477613709503,41.735251391262196
-5.0,-9.0,20.0,13.0,5.0,6.0,20.0,108.09145330859052,112.81603844713679,87.9834831226348,7.570332314185513,64.74721956899879
9.0,-8.0,17.0,29.0,23.0,22.0,14.0,116.24839738758988,176.18756638300673,191.0934549753462,155.93846927423147,106.79783353293475
15.0,15.0,20.0,23.0,6.0,33.0,20.0,80.8429583149819,72.76915909859738,46.463785595136265,169.43382566209064,122.41395380247171
-14.0,-4.0,22.0,19.0,13.0,30.0,16.0,195.35338277512489,125.19988020647081,98.88110290658283,36.094786505150765,48.52809403514693
-2.0,7.0,16.0,31.0,30.0,13.0,6.0,69.71040103229413,19.268687716791998,68.64423918686353,51.35296548703931,42.127750032313436
9.0,-10.0,12.0,24.0,20.0,27.0,10.0,165.1179916072775,65.93500395089225,73.79750995772723,151.96509582432444,98.05683720508178
-11.0,7.0,16.0,22.0,4.0,3.0,30.0,106.27769923045864,112.18781656168994,136.6889487839429,14.738761022104786,99.14661526460928
1.0,-2.0,11.0,16.0,8.0,14.0,8.0,128.31299925737918,121.15965958049308,165.76843482378376,79.7903912624345,89.83371309222844
0.0,12.0,19.0,28.0,12.0,6.0,18.0,73.03480239822966,78.26930470987861,181.33407166438974,85.00391171950416,172.73129238405943
11.0,14.0,19.0,20.0,18.0,26.0,24.0,29.091099551197374,23.998531804270627,16.046765758685353,141.3158281293998,63.91252359550308
-11.0,8.0,31.0,13.0,21.0,12.0,13.0,108.03260353363977,42.35794644324673,128.1600077323667,33.48913952065642,68.50002094894305
-1.0,5.0,11.0,19.0,2.0,29.0,17.0,112.11496875587868,35.98737738504965,177.65819276501492,114.47440899279752,157.72943654390494
8.0,-5.0,28.0,2.0,14.0,32.0,27.0,90.9846629681035,154.1022149927706,133.09090549262584,3.3773555308314274,170.57751923323048
3.0,-5.0,8.0,16.0,14.0,18.0,11.0,76.56527895650702,170.82765331162108,106.84400199494257,30.94047009733869,172.16650498129354
10.0,6.0,12.0,26.0,13.0,7.0,28.0,129.61762170036778,114.67840302569236,116.58351608658863,187.6327425302392,95.26073839599785
6.0,-9.0,26.0,21.0,4.0,14.0,22.0,2.078555741840593,50.77704081522574,30.43398213441182,27.25156669276494,59.26661590852413
8.0,5.0,16.0,26.0,5.0,20.0,9.0,177.3585636311218,125.77908383848914,24.718395205263597,59.88157513330228,19.388186090027993
-12.0,6.0,26.0,19.0,25.0,17.0,28.0,79.39039941479015,172.97738526660754,100.88804479484301,61.85154366242593,191.44519063691575
0.0,-10.0,9.0,21.0,32.0,22.0,12.0,33.35842469547035,157.17927011034794,95.59659452238027,119.85907628736268,107.83413719491655
-11.0,-6.0,18.0,4.0,2.0,15.0,15.0,95.08634056950831,120.53177073933945,175.56109146242713,179.2038471249717,160.14047093965914
-12.0,-8.0,22.0,27.0,24.0,24.0,26.0,179.83736013592724,31.243554783666248,15.050743268954502,20.99681386892509,60.376924953917396
-3.0,-8.0,19.0,15.0,12.0,13.0,13.0,164.51284698166245,190.263069183581,61.2271387326315,27.43390150094931,11.519162048361764
10.0,-10.0,14.0,2.0,16.0,20.0,29.0,170.03797856192674,7.929404294037146,63.47017525500753,197.86322855069744,155.32028206792464
-7.0,-12.0,33.0,15.0,27.0,29.0,3.0,132.3939663661987,171.65562948504785,149.92879820562575,169.0859053096063,137.40996494537228
2.0,14.0,18.0,14.0,11.0,6.0,7.0,151.311554348671,197.80555802975374,112.80332744953765,26.393768671288885,101.02236961374842
14.0,7.0,20.0,21.0,27.0,5.0,33.0,146.31430341903032,28.331672322387714,57.006127257310446,40.06990277208189,87.96222429553862
-7.0,0.0,31.0,14.0,14.0,26.0,5.0,86.83619007431463,103.8961192342196,39.59416640114362,124.95045802262842,49.520548474107585
1.0,-15.0,22.0,18.0,19.0,17.0,32.0,186.3425347203293,49.92774399114948,27.79984049089976,39.54323961659669,197.9037897466825
16.0,14.0,16.0,6.0,28.0,5.0,20.0,77.20897410016565,71.01643614929128,124.76888283708088,52.7544388268761,179.21952169240635
9.0,7.0,23.0,10.0,16.0,7.0,28.0,83.85774108251343,0.6980099877491819,192.4910099468998,37.057005815525,133.091613695781
9.0,-15.0,7.0,26.0,8.0,4.0,4.0,121.05239338451528,59.95629840192369,79.84249524297043,20.58975901160387,142.25364713829066
-10.0,16.0,20.0,23.0,8.0,13.0,2.0,152.18138118350691,80.16749371236888,114.41355059341076,79.9263527259338,69.22656721073943
3.0,-8.0,27.0,5.0,15.0,23.0,17.0,69.85551077457313,198.6054839131655,162.61394112747308,125.8899308122289,8.955632178771511
16.0,-12.0,33.0,5.0,25.0,30.0,30.0,163.7095235141074,181.06617348142137,98.64661418581993,132.80113722590812,125.99820416320678
1.0,-9.0,17.0,32.0,3.0,25.0,7.0,86.61527716402142,83.4859786026942,186.6134671961724,24.95313404841566,114.71957573548192
6.0,-15.0,9.0,21.0,19.0,4.0,22.0,36.47199293096814,85.07279126688023,113.95359219166141,2.3338429307218522,70.26023047652517
16.0,-12.0,30.0,4.0,27.0,16.0,25.0,24.68618621971681,8.158698223480144,143.90899725230312,72.91505176078064,154.63876112743836
2.0,-11.0,28.0,14.0,22.0,26.0,2.0,42.43799486700257,98.4258860564039,80.08183023177394,84.32442769171917,25.918777693641214
-6.0,-8.0,18.0,6.0,6.0,8.0,27.0,55.60244750547716,86.58533528953998,169.24640299841707,107.07872589439904,97.62500837355701
-12.0,-7.0,24.0,10.0,6.0,33.0,8.0,133.4126882975701,39.484344976727726,178.28757344888058,15.454262318905831,199.91017342652134
-12.0,-14.0,14.0,12.0,32.0,25.0,25.0,76.08764772985911,51.6079589941691,86.30327885919455,13.917564574160778,91.47275686415435
6.0,10.0,20.0,32.0,24.0,11.0,29.0,45.66294418950798,159.4569429665328,37.65460283354572,84.44006907943226,56.758650069536046
-8.0,-6.0,11.0,27.0,31.0,33.0,18.0,55.73443198181178,138.34863671926664,123.58747765060475,58.95915016289963,23.69640735398708
8.0,-1.0,13.0,3.0,28.0,7.0,14.0,12.535522220753958,47.66944203625481,187.53353787733255,8.691959995862897,151.54912217371873
-1.0,-4.0,8.0,13.0,4.0,24.0,30.0,49.819785027067276,129.92218907648822,184.5112305644161,82.5228991561177,88.92931445458849
1.0,1.0,6.0,27.0,9.0,6.0,3.0,131.4908598338317,123.0163697408553,141.39886831890175,23.19359339553364,87.96589741663301
-8.0,-7.0,10.0,21.0,10.0,9.0,21.0,176.99489948660647,90.26715004998584,181.49930547392884,114.37721362932092,42.568221566709276
-5.0,-11.0,18.0,32.0,24.0,17.0,33.0,165.7066325383184,95.42478238304915,122.44947238995476,72.4939001046987,114.02180432497373
-3.0,2.0,20.0,7.0,27.0,4.0,14.0,190.17368721555724,85.1865895063912,153.73589871404192,110.10938929860741,77.65059344112882
-4.0,11.0,3.0,32.0,19.0,33.0,2.0,168.41468868004688,127.0630023999917,107.41653633008985,97.91666676826611,173.80437193236804
16.0,11.0,5.0,15.0,16.0,14.0,6.0,145.0705212402199,135.2723719594946,50.362850777823965,69.51558894302006,17.74768767196411
10.0,9.0,25.0,7.0,11.0,8.0,26.0,102.06054337847654,73.27148129170699,139.18284644196672,94.96906047964086,99.12205261669149
-5.0,-1.0,3.0,27.0,32.0,17.0,27.0,108.47072688134844,156.7206045938593,88.02522728959208,50.98616061319701,154.1355323222131
0.0,-10.0,23.0,25.0,20.0,27.0,6.0,44.829393954648864,135.6880136059544,169.62778316631804,158.79568330181047,166.52977341750506
10.0,-9.0,7.0,28.0,30.0,10.0,30.0,23.34772132806886,13.621945206002174,101.85362305833019,176.14399201932085,77.78010661547366
-12.0,2.0,28.0,33.0,4.0,21.0,29.0,125.67981398918671,92.47796184792749,55.32301896253438,47.722093360047666,143.51372588230743
14.0,16.0,21.0,15.0,21.0,27.0,19.0,17.695869168262846,13.692861990012538,96.12641992470195,148.08250843710397,166.1273331576285
7.0,-3.0,33.0,3.0,19.0,10.0,15.0,151.78939723389948,67.14604958283248,186.75371932843322,95.7170272144092,27.967538220809196
-13.0,13.0,22.0,18.0,19.0,19.0,8.0,112.70361095661299,60.33147687586968,147.92558963138896,90.43404633458039,180.287418814607
10.0,-7.0,31.0,25.0,15.0,6.0,6.0,140.27230081875666,157.86862716186485,63.57946844842615,91.51140196312278,53.69723605199936
-10.0,-8.0,17.0,32.0,2.0,20.0,13.0,60.966143479193846,55.40644779280355,118.33484947668317,40.31629425798584,79.0862819375844
14.0,3.0,8.0,15.0,12.0,19.0,19.0,176.22508349477215,74.97129663449766,130.71832395723268,114.94939282597825,96.79827526210482
-15.0,12.0,32.0,32.0,8.0,21.0,12.0,24.56270618717045,148.474655852706,63.28917565642676,127.12193197998525,108.56002452645419
16.0,12.0,30.0,16.0,16.0,26.0,24.0,93.14964657795053,121.56979811813757,161.37326577997405,13.082635692507584,89.11544106347947
15.0,-6.0,15.0,6.0,2.0,6.0,27.0,45.21382804544552,22.646739007357475,80.20745884057663,149.65342865743887,58.16724271589606
7.0,-6.0,8.0,3.0,29.0,19.0,20.0,182.576428737648,22.627169142681367,34.99968788501777,100.87151670206111,119.56523231682658
15.0,-5.0,16.0,23.0,3.0,28.0,32.0,144.0911713924212,186.3797712369931,116.33594093851104,34.348590090361995,157.58438550639755
0.0,1.0,18.0,33.0,21.0,2.0,4.0,78.98365332612065,61.93602600784403,7.949755327615549,29.904200929995064,184.94369467068833
-1.0,12.0,32.0,27.0,8.0,8.0,30.0,38.23772753692394,73.11884369736754,181.51100793425417,112.46459626757004,139.68568983598152
5.0,6.0,29.0,21.0,32.0,4.0,13.0,9.210934178380858,5.933557757325825,75.43681954838529,98.23502730713398,178.43754111996188
-3.0,-8.0,30.0,11.0,6.0,20.0,16.0,108.43456117830183,190.31799584454737,132.72329456401852,4.276297559674291,147.4546870309072
-8.0,-2.0,32.0,33.0,19.0,32.0,20.0,172.1629573912744,167.25553529348608,38.434001227875925,192.67683046629287,31.106317537327822
14.0,7.0,11.0,13.0,6.0,10.0,24.0,45.2138731591057,87.99864727512177,53.002289283915836,147.41937922594627,97.30294412498533
9.0,-11.0,2.0,6.0,17.0,3.0,26.0,154.663389992284,121.20548181025607,57.51042242334419,11.418451048986022,151.97996411103978
14.0,8.0,7.0,28.0,17.0,33.0,3.0,111.84099155822945,71.02150040114452,119.53305385555308,179.05973224384215,177.60889034486087
7.0,12.0,22.0,33.0,13.0,11.0,11.0,95.38467916750817,138.51315874010567,49.23663965416425,133.41011301796797,189.8975552442565
-3.0,6.0,15.0,3.0,5.0,33.0,33.0,48.90995797736581,62.04086964944495,72.94463814620575,5.2036855416925265,1.6137041312006106
-11.0,14.0,4.0,13.0,32.0,11.0,3.0,175.07693624169306,85.22263097713068,63.54729518875597,159.68508863195532,145.16628166476343
-11.0,-11.0,14.0,15.0,22.0,20.0,3.0,163.79806563698935,133.31792586782996,55.4057253785909,22.835964358459627,161.84486844755565
-12.0,15.0,15.0,16.0,11.0,32.0,22.0,51.34127299622948,72.05353090675379,153.3579250593166,141.15402917981154,43.24024566774987
14.0,3.0,5.0,29.0,12.0,18.0,17.0,109.86024125481005,61.961055859608514,170.87227498282763,78.84807328690901,87.01783213511357
10.0,-2.0,13.0,25.0,19.0,20.0,25.0,127.8046480374068,123.36771943443796,49.39972389874108,149.26514042046662,158.29713385219605
3.0,-1.0,22.0,25.0,2.0,6.0,27.0,105.86436681410234,54.01236546293726,79.6821876222808,147.2276688799339,160.91675124759658
-2.0,-1.0,31.0,31.0,17.0,12.0,11.0,147.17733674700187,45.46490776547256,10.305056239179478,151.50003081208575,130.23244116059448
16.0,-1.0,5.0,24.0,8.0,4.0,13.0,178.98421161958146,76.92390640471993,61.131626410526806,196.13355218118713,173.83191902285725
1.0,7.0,17.0,27.0,23.0,14.0,25.0,103.857505281789,134.91070006836247,106.97980827592772,47.38751363164022,49.60098739099968
8.0,15.0,16.0,20.0,26.0,6.0,9.0,198.19486382530488,30.123497912046695,25.627102934120693,94.43115001181597,15.795925813282663
-9.0,-12.0,13.0,14.0,10.0,14.0,25.0,35.19421910196352,189.47074106615153,123.69237020537088,20.210819997320684,159.4042873469915
1.0,-2.0,26.0,31.0,14.0,17.0,27.0,192.66182499273404,187.42174350862769,5.695365727142909,110.99315845722934,3.2848549170114927
8.0,11.0,16.0,6.0,14.0,8.0,9.0,128.71615125483913,8.369962461655334,156.92206675847183,178.09808052687467,177.355272268235
10.0,-9.0,6.0,25.0,15.0,4.0,3.0,86.77426058478382,9.386189225449005,160.73272403057334,89.47841228848417,75.01925390639343
-10.0,-16.0,14.0,21.0,28.0,14.0,17.0,14.347517251910391,62.912088272649584,152.8577223080768,154.6286054797997,21.231036423367566
12.0,8.0,8.0,18.0,30.0,2.0,25.0,172.49725283433816,107.73850527545268,155.7017961215913,39.74396498670283,21.29384428441432
3.0,9.0,10.0,3.0,26.0,7.0,17.0,81.68691384037272,14.59922677787262,81.52050827172552,176.64949772025545,33.67880186760435
-11.0,-14.0,29.0,23.0,33.0,8.0,4.0,59.88772122138057,140.4296521091908,159.58238604163273,74.24283273472636,151.10591754930724
5.0,6.0,6.0,21.0,32.0,27.0,16.0,197.52340092790274,79.44870745513049,117.2005445417492,25.852955445667792,4.004999266296205
9.0,-14.0,13.0,10.0,15.0,27.0,21.0,132.83185247307392,92.3083697608194,66.52579355732789,27.731249862714513,163.39020760218708
9.0,12.0,22.0,32.0,2.0,10.0,31.0,47.78946802485788,197.58074315920447,146.86662735371706,37.601781232549136,135.5808476173697
-16.0,6.0,33.0,22.0,9.0,19.0,8.0,47.40658015299317,157.95669431210624,138.69430156953362,40.55265269382522,97.97877010294907
-12.0,-1.0,4.0,15.0,7.0,31.0,17.0,23.692513871790922,24.507934125234797,103.35147531976136,50.18753212699401,182.06545849947386
0.0,-8.0,7.0,11.0,19.0,15.0,12.0,56.59600749466915,173.8126233313207,185.47764984828544,195.90757116710185,29.6595706468985
7.0,16.0,22.0,13.0,21.0,17.0,25.0,128.67724432885825,185.7906477861542,134.6957840047311,169.39829392186803,99.76426921616203
-7.0,-2.0,21.0,20.0,33.0,20.0,22.0,111.53977906069402,176.9013244467182,76.6710730251289,176.15398949550777,106.40848407756647
-3.0,5.0,30.0,4.0,32.0,13.0,27.0,143.88880632677748,74.83620532063941,13.81438506104602,125.6338245328945,135.10049925470926
2.0,4.0,12.0,22.0,3.0,19.0,2.0,77.90963118620937,87.29947297199752,41.208644957101704,136.89951375359297,185.00535908901549
11.0,-4.0,2.0,14.0,23.0,14.0,19.0,11.157602994508654,44.79939425694308,74.46564962171183,185.47724717532722,103.5317140490755
10.0,3.0,7.0,8.0,15.0,12.0,29.0,184.93926903303887,157.40311623342842,61.921243907837756,72.04290365862644,162.38221016234496
4.0,9.0,7.0,6.0,16.0,2.0,33.0,148.1155503170818,154.4963967846871,115.48162018391135,16.221955954008394,193.42759511085924
-9.0,-9.0,2.0,24.0,11.0,3.0,16.0,3.0503723983861475,177.1431207253456,9.731193351462398,113.86917250380439,159.76602755091648
-3.0,-1.0,29.0,28.0,13.0,21.0,18.0,196.79508711458084,29.058076940540634,70.54799674997551,85.07173194278437,174.36202992226876
-12.0,4.0,19.0,3.0,29.0,2.0,31.0,28.95455309743744,12.646688722447564,137.3104111625572,199.21319905370194,135.49416855562797
8.0,14.0,7.0,6.0,16.0,9.0,14.0,58.629327484566105,183.58457333833687,168.5003072277275,37.14816941791889,112.45276956348303
-5.0,-3.0,2.0,10.0,2.0,6.0,19.0,58.06716930416302,70.17764025790373,147.4402598313727,91.1810100407639,116.82050708817037
-5.0,16.0,20.0,26.0,30.0,4.0,12.0,106.36525628043847,74.19483514702843,126.06574612638879,127.0364919820697,182.82844955016054
-3.0,0.0,18.0,20.0,32.0,17.0,7.0,178.33466839262837,0.7279904273424398,21.45680675082817,114.38604381036765,82.6859586422317
-11.0,12.0,19.0,9.0,16.0,2.0,21.0,152.95032024127525,193.2033558981561,36.35120229478217,115.33103243246356,155.39909420304062
-6.0,-16.0,18.0,18.0,9.0,14.0,4.0,54.56558377890728,174.33049005620103,47.99048734201816,24.9094467343588,112.39276975469339
-11.0,9.0,2.0,19.0,17.0,27.0,28.0,191.75180956677966,41.111780302998405,3.266729559560866,81.35115063727942,25.815161934049534
15.0,-3.0,10.0,11.0,20.0,13.0,4.0,49.935588231164154,97.6536535759047,11.980375292617019,93.25211983804786,31.033087321469075
-13.0,15.0,6.0,2.0,25.0,19.0,3.0,129.72549575023385,59.2815207312962,44.61241148733508,126.39430197141156,26.21019514484022
-9.0,-13.0,3.0,3.0,9.0,11.0,15.0,147.37181833465576,45.567363869717624,26.86479836439679,87.98546722809779,103.10114525862765
0.0,-14.0,31.0,10.0,15.0,7.0,27.0,103.5220047892596,24.42322271172801,155.29490650113323,16.65044117104624,36.07517314749336
-13.0,0.0,13.0,7.0,17.0,32.0,33.0,133.84757294845036,153.31710432735568,26.68078563812717,32.28976473826888,83.68608510167543
13.0,12.0,21.0,12.0,24.0,5.0,24.0,188.87300962762578,195.1080704620962,24.32267477629577,55.38062304549851,75.18897359239875
5.0,-11.0,24.0,21.0,7.0,32.0,10.0,39.41067941816214,82.4127754366083,155.48744562092148,35.29026520107106,20.880473936957998
10.0,-14.0,4.0,5.0,9.0,24.0,31.0,124.39155891225708,142.5472545586967,112.40037763906908,77.293115239728,139.88319336235855
7.0,16.0,4.0,19.0,20.0,7.0,17.0,14.497454728256209,41.289069880806004,62.22476784602486,126.01433518756605,68.02007061390765
-3.0,9.0,25.0,30.0,18.0,5.0,11.0,41.809270178861844,126.71713786001636,133.32620985034512,39.1719916927125,113.29042851311624
-13.0,-8.0,3.0,31.0,33.0,23.0,18.0,2.402272497336466,135.9415052241395,14.60369059743465,91.60138001413434,13.05056311851336
-5.0,3.0,32.0,29.0,33.0,9.0,5.0,157.5861053874834,1.5422369083028409,126.29034943136233,169.60346397851086,106.55456577638284
-10.0,2.0,4.0,30.0,14.0,32.0,16.0,106.57820159169849,181.8862810540984,14.631198054085104,30.400763332086946,70.20948948314316
-1.0,5.0,23.0,31.0,17.0,27.0,2.0,85.53739528002733,149.10944460325396,154.69617521204944,192.2371097191384,43.104224440188155
-4.0,9.0,2.0,7.0,22.0,21.0,22.0,148.0967114686497,177.70588959020122,179.13648581379047,67.22219865992369,69.20138397775138
-5.0,-1.0,18.0,9.0,24.0,32.0,14.0,36.482590242507484,20.627587071972275,68.76585986412933,16.41980635384426,92.80066832897663
-15.0,-9.0,10.0,33.0,23.0,13.0,32.0,75.70186082971892,173.12438216374625,64.2736733025094,40.949334152456295,59.211281210905156
-3.0,14.0,13.0,11.0,6.0,8.0,24.0,198.2151977953765,188.47614893845594,26.332810498425086,91.39047384442904,161.31520289248172
4.0,-11.0,10.0,3.0,3.0,10.0,31.0,55.986323713634924,57.87830173824242,132.60526461254761,150.04856604921903,74.3510438305863
1.0,8.0,26.0,3.0,7.0,22.0,33.0,49.84750388266577,143.9157142583686,0.331795118262046,124.7896533978228,2.567387250525499
9.0,11.0,8.0,13.0,27.0,21.0,13.0,150.63407339438203,126.95300215644005,186.25847607902733,14.692238606932584,67.92625660339932
-5.0,-12.0,13.0,4.0,3.0,12.0,4.0,156.29441602593127,119.53008878839823,122.95610359833857,106.11432245068315,33.14577962029859
16.0,3.0,22.0,10.0,8.0,14.0,14.0,62.73750373453033,137.47208542474974,199.74726610179033,71.32058258723295,194.07160017490014
14.0,10.0,2.0,21.0,14.0,4.0,11.0,197.48553517827108,153.92520459584165,4.2928572188865255,77.50545814554408,163.060256303034
3.0,-13.0,15.0,30.0,32.0,5.0,2.0,139.07894385515402,25.174368753364583,139.21498134485722,117.31655129929943,191.12949358841718
-8.0,-13.0,7.0,12.0,10.0,13.0,2.0,82.0910722026954,175.0378629461387,105.44792220955324,48.59159912423203,33.20382960633723
-8.0,13.0,3.0,11.0,4.0,25.0,20.0,108.61237177578609,45.49928489683068,139.84299376866053,65.7574929122975,152.4220432628848
-16.0,-16.0,15.0,12.0,15.0,28.0,12.0,103.98973792749953,118.39246177631549,198.96425117859593,187.37358965829944,32.60735113734232
-11.0,0.0,26.0,27.0,20.0,16.0,21.0,191.153190026655,77.29493015210554,85.13347667984519,147.71585287200156,129.13785197096786
-4.0,7.0,5.0,13.0,8.0,31.0,24.0,189.29024993960883,188.27353260267395,36.97779438780549,152.90258808922493,28.23798405905398
-3.0,15.0,14.0,27.0,9.0,16.0,33.0,48.71490102513425,51.31271098473928,21.700247662837292,42.72556282374698,127.966289419471
-7.0,11.0,6.0,24.0,9.0,13.0,8.0,23.65426089941667,92.42052070651418,158.22551605248773,136.43522747919644,135.1411768255725
14.0,7.0,11.0,20.0,14.0,2.0,22.0,27.344089777245518,136.33508787058662,171.08233683163164,82.34898534668685,111.87295121958469
1.0,-8.0,17.0,12.0,20.0,8.0,2.0,64.03112665014064,45.282749534100965,133.59133925000774,151.55032775772344,15.16372397799859
13.0,-1.0,27.0,8.0,28.0,3.0,21.0,157.37202164836864,14.670479817301674,112.68910175152011,33.30489655382725,21.14007084157119
10.0,-1.0,20.0,12.0,5.0,13.0,26.0,161.6616998663376,86.525709263738,166.6998217176683,175.69067971518416,89.6435239912396
-4.0,-10.0,30.0,25.0,21.0,29.0,28.0,176.40789720145983,127.83864746387185,74.37289277715087,34.84452786312497,106.69240228019757
-10.0,-13.0,27.0,26.0,5.0,11.0,31.0,173.82255425352176,121.85587021571598,91.37001557705516,6.08335824936046,87.09558402553641
8.0,9.0,28.0,23.0,28.0,10.0,22.0,146.30914958344522,157.45404451129025,110.87223079293037,51.419720739368266,138.50400755096575
8.0,11.0,9.0,29.0,16.0,6.0,15.0,182.86374287344114,84.18476535199282,53.69273372365786,108.60259313780176,9.63639823385536
8.0,11.0,8.0,29.0,25.0,17.0,14.0,36.813714859934635,150.46330557483466,9.213057732875797,16.39243694564594,7.262561334721784
-2.0,0.0,10.0,32.0,29.0,12.0,33.0,52.87083854524717,139.44590347919464,197.97226897629395,47.7532125106743,65.40825675546134
-16.0,14.0,5.0,21.0,29.0,22.0,33.0,23.841434993741785,10.942990494710392,102.73128071134965,23.967664287716172,127.58119821849915
-13.0,5.0,18.0,22.0,18.0,33.0,24.0,141.0376880900044,34.60195794590921,198.66649455309476,178.25980829552472,93.74331696126777
-1.0,7.0,19.0,31.0,25.0,29.0,18.0,43.67555994465589,19.778370449142525,30.714848011924325,53.33287818356081,16.319654137063687
3.0,-14.0,19.0,5.0,3.0,9.0,25.0,151.9153997080384,161.62751276800952,152.24374943943718,40.11442510202576,42.384859269327265
11.0,-16.0,5.0,2.0,26.0,6.0,2.0,175.10046326019472,2.253384125556046,93.61707300946418,30.771411846822083,87.50945600542951
6.0,-7.0,23.0,27.0,13.0,18.0,14.0,42.171745857955,125.48660480199902,49.16528816779604,11.278019970896214,189.74682941422188
15.0,10.0,29.0,15.0,8.0,21.0,18.0,31.218359366623737,186.70478057410807,33.15333089691064,105.46118446117407,75.27524610745277
6.0,-3.0,11.0,28.0,4.0,26.0,33.0,72.58700056599609,92.02429214472967,148.17366623912358,48.904498058405196,33.01119439389009
-5.0,9.0,24.0,27.0,7.0,17.0,7.0,2.446369798363701,141.542556820457,116.85336314619961,66.12641055270348,150.8326757043979
-9.0,-5.0,21.0,29.0,5.0,7.0,14.0,88.49950764857593,171.27342171562083,77.47136247383675,166.2043838953202,137.66069036507665
-10.0,-8.0,5.0,33.0,29.0,3.0,13.0,35.54850901914093,173.00207796416356,165.54237958200326,70.32316706119556,188.18385887742917
9.0,-2.0,12.0,26.0,19.0,4.0,3.0,159.33555079436877,114.09797216309319,69.31909012503455,29.32451992248122,22.301015768836983
0.0,-5.0,11.0,32.0,14.0,18.0,19.0,86.11150076100789,87.55981262862349,117.73860163045144,165.2268379715482,166.3502492561145
5.0,11.0,20.0,17.0,14.0,31.0,4.0,84.24633102778705,123.20617455194558,14.776124232004806,168.0233632330455,103.93961074131204
-14.0,14.0,6.0,29.0,21.0,23.0,8.0,48.60818951030894,135.23787768338485,13.836229051562254,171.8889985097955,174.2551320821632
0.0,-15.0,16.0,4.0,30.0,29.0,4.0,66.0414862834026,86.08291812291407,124.55078836554672,79.08823565522532,162.6972404578361
-14.0,9.0,29.0,8.0,3.0,14.0,31.0,140.08179447200894,9.908348230183295,153.94911811584785,45.66994030129119,153.71668849787534
6.0,-11.0,14.0,22.0,19.0,10.0,29.0,36.32587516295547,74.15004728892139,27.978207906721096,186.58090160936848,62.117047363784316
-11.0,13.0,22.0,14.0,5.0,33.0,17.0,124.9694846815743,134.00178870237173,36.93550850324379,22.391052512021403,132.61223399659613
3.0,-7.0,25.0,32.0,28.0,29.0,4.0,154.5204805695666,173.51372574328167,54.9928383399108,53.946424309118754,124.79665851886818
-6.0,9.0,25.0,33.0,20.0,14.0,11.0,51.98526308876896,154.38786803365,90.41122226464431,57.46798244631961,151.5629145266879
7.0,14.0,5.0,21.0,15.0,21.0,8.0,94.79869178407996,116.63507930788354,194.69620540377738,27.278710752216572,43.48609800535428
-4.0,-8.0,20.0,32.0,2.0,10.0,25.0,150.02217531119192,123.9600142949483,30.379782178237313,60.04547481921061,190.40125173530998
13.0,-15.0,14.0,15.0,31.0,10.0,2.0,169.45345637633102,34.584169835856684,171.87981781146053,50.76004765966333,119.7729449159712
-4.0,6.0,30.0,31.0,25.0,16.0,15.0,8.07644454679961,172.91952345435473,58.737448336257295,86.11035580460535,112.78572740480395
-8.0,16.0,10.0,8.0,22.0,13.0,26.0,122.42050134448124,21.875506176123128,68.8765610318808,67.71334516954998,151.33002852541716
-15.0,-3.0,33.0,8.0,21.0,22.0,11.0,147.02752842478185,199.9263007960029,49.94675802692286,81.8504423969181,175.19318197691126
-7.0,4.0,15.0,33.0,20.0,16.0,18.0,34.113941357928,0.30629278731832965,75.06328431405969,108.62238209254835,10.380662588662792
-15.0,12.0,22.0,17.0,25.0,4.0,12.0,66.74669131474913,44.839826580722765,111.2517204377936,18.78291793151794,17.477051409308263
-14.0,15.0,3.0,10.0,21.0,17.0,22.0,99.53288959313416,55.02287365504672,29.58948506804353,87.08243765583354,172.91763053145374
15.0,4.0,3.0,24.0,17.0,33.0,23.0,191.20455600399745,54.96438334836225,161.42173816647482,151.15273369831996,120.88102539624046
13.0,9.0,23.0,19.0,18.0,13.0,4.0,88.37801440599198,165.81840250514603,39.237519361793225,5.748828177777154,32.96318349105001
3.0,-10.0,20.0,12.0,11.0,8.0,24.0,170.43241020358175,162.97599573008557,123.73782684164985,138.4566519387064,64.71328401984124
-9.0,-2.0,3.0,16.0,11.0,7.0,2.0,84.95578581269771,90.59967534369218,86.4906751000687,112.96857064406065,24.529595943197748
-13.0,-15.0,21.0,15.0,11.0,21.0,22.0,92.13687822642453,69.99306561109648,178.28932392944353,12.577238441491989,77.23051770616951
8.0,-11.0,13.0,4.0,12.0,21.0,26.0,183.76539787047756,190.76106892956105,56.2232344497823,196.996087888586,93.34280758953267
-16.0,-13.0,17.0,13.0,31.0,20.0,25.0,182.4776755373205,70.74837853633859,91.31816094068661,119.85104318216293,70.34075579358587
-11.0,-16.0,12.0,26.0,12.0,8.0,9.0,14.05775059913501,147.15368877721323,18.112909198298645,159.7078436596414,111.09551504958107
11.0,7.0,13.0,32.0,3.0,21.0,22.0,177.69437261639428,23.962091344169977,39.03539292765428,28.76833071669718,110.2687107388707
13.0,-3.0,5.0,13.0,27.0,16.0,17.0,111.79680296481318,170.48181250305186,188.44361143942803,154.94073866064375,99.03098987917514
15.0,16.0,13.0,33.0,21.0,2.0,20.0,137.45400758827836,189.75366201620824,72.3675464106404,121.48514072099485,107.9280398924388
13.0,-5.0,5.0,30.0,20.0,13.0,14.0,169.8864423420489,93.16818934859685,66.47859424779531,64.0093967187716,193.74394959324056
3.0,14.0,15.0,6.0,8.0,3.0,12.0,166.60606495961525,12.65786931368027,167.01507037077255,26.556184685164254,167.9077924482066
-10.0,5.0,26.0,23.0,8.0,17.0,27.0,57.560578265543974,112.73326998567508,35.133755127639056,12.87067972062137,157.7290183450873
3.0,13.0,11.0,22.0,29.0,31.0,15.0,5.559318809010483,151.1245309617056,116.6646149615567,10.355074857679902,140.21255990623632
-4.0,-5.0,28.0,12.0,13.0,6.0,23.0,152.56786905861583,53.17697475391909,64.50072963231376,174.9866399062679,64.31215775927765
10.0,-8.0,15.0,13.0,23.0,26.0,9.0,21.117653494987685,105.91637618765847,104.2327918255302,197.70279325267092,167.7218658656719
-11.0,-13.0,21.0,5.0,30.0,26.0,6.0,189.54656974178215,127.08098314176542,160.59080449445798,136.70679636559225,33.95877380516721
-9.0,-14.0,12.0,13.0,17.0,26.0,3.0,151.66062736099187,18.74496210404231,135.24566494406258,168.33378784963548,56.03570939551113
10.0,-14.0,6.0,21.0,5.0,9.0,22.0,23.5200506540836,12.93295917129682,120.14019376967755,136.89107713457344,160.31196791817914
-12.0,-10.0,27.0,26.0,33.0,4.0,33.0,141.0948205008258,146.12214740367466,47.18187693507059,167.3977014973697,122.40174085551077
7.0,10.0,9.0,31.0,31.0,25.0,16.0,65.76289649452643,162.45838998410363,54.03344238681049,31.472056914066183,35.84378043903376
-7.0,4.0,6.0,27.0,29.0,29.0,12.0,41.40492270154665,176.97862658223832,26.348947542684087,107.8667201157435,33.63417180957051
9.0,4.0,26.0,9.0,2.0,2.0,31.0,102.3069426341695,49.48236947107356,116.25959340844776,123.40839831868318,1.0311856322647195
-7.0,-15.0,15.0,19.0,5.0,33.0,24.0,62.35370859662386,107.78723515323583,158.79506852802706,189.4160020982804,75.04182896838782
6.0,-4.0,3.0,14.0,17.0,5.0,21.0,90.59096153350619,80.28075535026619,23.798733256947347,13.870780034255258,165.23370647627286
14.0,6.0,12.0,9.0,9.0,3.0,3.0,87.90809844590217,72.01135146231618,179.14069417212747,155.94042120285195,6.778601690773756
4.0,-10.0,32.0,20.0,31.0,25.0,3.0,86.59586120448336,41.05023400054193,161.08106253540444,5.010748824322486,94.94184054307635
6.0,16.0,26.0,2.0,30.0,19.0,24.0,52.02955198814983,97.41427939743019,104.55173122862189,4.890841111370592,63.30356275840141
13.0,-2.0,30.0,26.0,27.0,32.0,33.0,55.142829904461934,120.30012443527171,106.60728131463497,195.1877533360247,190.8788943686748
-7.0,8.0,23.0,14.0,33.0,11.0,18.0,146.72720550013705,36.03852289342444,38.22878462923669,107.26586136055928,199.94846523149792
-13.0,-8.0,15.0,7.0,26.0,4.0,21.0,50.470225486341455,77.32914849921654,46.97454189960239,141.4005904655603,38.34307786787852
0.0,10.0,25.0,13.0,19.0,7.0,26.0,176.89965355923334,40.372540682276245,98.28073745780921,14.07716477168741,31.312480651601106
-13.0,-14.0,24.0,2.0,5.0,7.0,8.0,25.832203601394998,47.997570161739574,67.09799561596598,81.94222155442108,47.4878165083829
-13.0,16.0,30.0,31.0,7.0,23.0,6.0,75.418028340558,109.3676367594184,170.66846491963196,123.55989505589764,102.81970712194624
15.0,-16.0,24.0,2.0,4.0,20.0,21.0,35.201414475809244,183.39654015282687,110.00868873444414,28.927654064116016,138.1300861681477
11.0,-14.0,25.0,7.0,15.0,19.0,32.0,21.32251484857395,1.3441767335774957,144.98892853822548,167.5166190335066,150.8580563957324
16.0,11.0,7.0,26.0,28.0,13.0,5.0,14.394034849989668,101.27394811323849,143.39415733484492,189.1563786510703,43.860841396038964
-15.0,10.0,16.0,11.0,33.0,21.0,26.0,2.4526927456173686,79.95822349973712,105.63104800601715,24.988654785710462,68.71879050819128
10.0,8.0,10.0,27.0,3.0,5.0,6.0,98.83699438588162,84.26112257949521,53.679466763421566,65.67643125327425,67.71427430829621
-13.0,1.0,22.0,10.0,24.0,13.0,24.0,129.55313390548582,63.07342354129073,35.39144749024603,13.102981960550242,6.107762752450285
-11.0,3.0,33.0,3.0,32.0,13.0,30.0,29.492438587489843,5.02966968633769,115.84810491057831,119.85048546426769,108.17680311141231
4.0,-3.0,9.0,15.0,13.0,2.0,2.0,67.30210518048519,157.14735206147293,179.9000898183987,62.024659674283676,128.8015830611242
14.0,-16.0,33.0,9.0,10.0,26.0,33.0,5.890312784732554,1.8861210731017986,126.01767145633744,12.780200646133322,130.84477059325502
7.0,-6.0,13.0,2.0,23.0,29.0,22.0,9.146762157053235,166.18059730120132,101.30532544179245,193.39063293657378,168.1949598094914
5.0,2.0,22.0,29.0,25.0,27.0,31.0,104.20520716249675,67.82178438223802,26.618934308609422,88.56804721988986,188.6862776130033
14.0,15.0,28.0,10.0,7.0,26.0,25.0,88.87332982988303,88.46358058228165,92.94667257756379,113.4338926756636,96.06787165071846
-16.0,10.0,17.0,24.0,13.0,6.0,31.0,12.913324767157341,71.30115256836369,36.86900848486201,188.80714796828548,91.68650949165023
1.0,-3.0,2.0,22.0,31.0,30.0,13.0,183.02628117015513,8.509936421915265,78.08627420433712,51.09421876159794,57.09004869689067
-3.0,14.0,6.0,28.0,16.0,27.0,33.0,50.47230431562602,143.34341418792255,100.84580452353518,104.58644608191693,143.0723934138752
10.0,1.0,13.0,20.0,18.0,16.0,30.0,137.5408136108186,57.554574360731415,32.72016096343151,43.77723184018616,106.13885365557498
15.0,-11.0,29.0,7.0,18.0,21.0,14.0,35.741258850094496,6.597259061599314,28.472910319711197,40.94011638461011,144.54982188639468
4.0,-1.0,18.0,2.0,13.0,28.0,10.0,127.33932698684237,136.0320959300122,51.63873320070746,12.577421218086204,163.59424502764622
4.0,-11.0,4.0,6.0,17.0,29.0,18.0,183.6754263402425,150.16849372598142,141.69074046081664,72.2558642905096,152.953592380957
11.0,-8.0,30.0,9.0,22.0,19.0,13.0,156.60938951008114,188.37505659284042,182.52002449914698,187.4676871395895,106.12489699088643
-6.0,15.0,15.0,3.0,26.0,16.0,6.0,127.25043793942517,184.1878559618947,45.28135980844097,23.440395980225247,6.699082075278406
8.0,9.0,14.0,19.0,28.0,24.0,26.0,30.397863547354476,57.735369302744346,148.65063055218377,106.5133793650115,22.011930459525786
-5.0,-3.0,21.0,18.0,10.0,25.0,6.0,175.88170185225357,144.3646872366765,93.75901426219147,9.929373747177927,14.182105727313887
-15.0,13.0,33.0,17.0,17.0,18.0,2.0,16.532139557758185,22.15322239928488,41.57016984109063,35.31052086706359,115.11222357000781
7.0,1.0,24.0,29.0,22.0,5.0,30.0,99.50483378516246,22.75478201890724,84.82842994902597,103.98314459886244,193.70925056096823
16.0,-14.0,7.0,16.0,17.0,23.0,31.0,179.10039487758203,5.0564118680196835,11.08492935794767,8.490943409232198,82.07273973971554
10.0,12.0,17.0,12.0,23.0,32.0,5.0,102.13781732401168,50.090064476023535,42.75213754508833,30.30033242604142,105.28914347581393
5.0,4.0,3.0,2.0,15.0,9.0,14.0,173.18232797054574,191.2312134692798,133.6211855994721,147.79843193801491,1.871434383430115
-14.0,-9.0,29.0,25.0,10.0,12.0,12.0,127.47219380728818,101.0903068715719,49.20717248440278,135.06725687808506,71.7256752186248
-10.0,-15.0,13.0,28.0,28.0,25.0,4.0,91.72337644566414,101.65641994804571,14.101709458455037,43.100868338539456,44.14708669896685
-3.0,-3.0,15.0,19.0,23.0,8.0,22.0,197.0109287186294,115.83891992695783,64.82450965789543,62.547906535979926,113.95765689304073
-1.0,16.0,31.0,8.0,22.0,10.0,12.0,74.93792229308407,84.06448636462076,127.93070951691065,13.688338918346798,155.789960777638
15.0,-4.0,2.0,31.0,20.0,30.0,30.0,162.95919576127773,67.17811955301272,41.506119748471626,69.10822297503671,151.36452001871618
-3.0,6.0,27.0,7.0,16.0,25.0,28.0,162.3098168947855,154.85061466403357,158.27234711633838,40.14319215364552,155.66849246103166
6.0,-11.0,16.0,25.0,27.0,20.0,7.0,183.39746673048245,12.68665143021881,99.49339044736459,125.70781105827989,155.59196685399337
-6.0,6.0,10.0,31.0,10.0,10.0,3.0,20.96971963329224,141.2495601338907,0.729862841397444,142.7295733637155,48.061303939090024
-15.0,14.0,3.0,13.0,25.0,27.0,11.0,153.64082212283162,8.311728988582722,19.7915428796982,179.80455391968394,115.42811271843757
-16.0,10.0,11.0,16.0,11.0,9.0,22.0,180.98750594461066,199.20362614370595,145.3638857355252,16.713206421628524,190.3998831653104
13.0,-5.0,18.0,28.0,26.0,13.0,8.0,41.9474324618994,100.74164662824889,14.324033562143734,21.86089392359034,159.70058328359244
-4.0,3.0,10.0,29.0,11.0,9.0,33.0,70.40438138023377,29.277358127960795,5.456701818948306,2.9103696134768375,178.5812200870139
10.0,-8.0,7.0,10.0,2.0,9.0,33.0,134.26453298987173,125.76726280967283,142.21115570415395,72.87637213366096,30.972599731250682
16.0,-14.0,6.0,25.0,17.0,33.0,24.0,79.83615471907513,122.08682386133682,196.10887006785765,135.58543667567912,24.13436494454151
-14.0,-2.0,11.0,2.0,8.0,26.0,33.0,148.1525133825494,78.57042116078013,79.30932375268947,35.35589299031001,143.1692573666725
1.0,-13.0,12.0,15.0,15.0,19.0,18.0,89.62170170757456,141.28574684798136,81.20878861839091,75.27646486623891,170.2046330986936
-11.0,-1.0,15.0,33.0,30.0,28.0,26.0,99.95321398140884,43.20378292203708,138.69036724418203,75.51851586237504,84.47033088235922
-2.0,15.0,28.0,26.0,4.0,20.0,26.0,31.507697850937323,199.95062491506434,15.170056164715696,158.15726048456813,126.84739870643844
0.0,16.0,10.0,12.0,17.0,28.0,6.0,23.92089616295856,91.78336278062771,110.04810363195192,150.67466385925363,87.66143778814069
3.0,14.0,18.0,17.0,8.0,26.0,24.0,15.513595128418945,90.288796126563,28.604239688096,34.94040399780927,151.96722149338186
11.0,5.0,18.0,23.0,33.0,5.0,22.0,70.10414200051203,176.7214678320107,71.80287077857399,139.891580533279,172.7670584079885
-6.0,2.0,30.0,7.0,15.0,11.0,2.0,151.5457742199181,6.5308599589111616,160.23831760045326,39.19609083858189,26.545274646045126
-14.0,-10.0,32.0,18.0,33.0,23.0,5.0,60.85633707548992,18.675484725616155,46.22580094715409,5.076854100021655,47.11557554182111
15.0,-9.0,10.0,4.0,10.0,33.0,30.0,108.43192882957442,119.723404858161,159.45746094682286,59.22298425515906,52.50216623470685
13.0,-14.0,15.0,29.0,21.0,33.0,16.0,58.95011326558206,85.14248413384682,17.476140284251017,4.966247644112687,165.2051824667325
-15.0,-13.0,19.0,29.0,18.0,26.0,30.0,3.5031017029077516,49.61502731812652,30.2059519583771,127.96834677654904,127.85327220999474
12.0,0.0,15.0,20.0,32.0,10.0,21.0,160.02327702762952,194.5384593129602,20.579922159475792,18.659187849864356,124.95403387681326
14.0,-12.0,17.0,23.0,17.0,32.0,32.0,132.30605664800223,140.9612510602077,2.3915455996378787,39.215706375022386,123.78668595888797
13.0,13.0,4.0,32.0,16.0,11.0,21.0,90.03686132671342,18.997354235702566,155.70011289757352,141.65685259420366,186.8928451358316
9.0,-8.0,33.0,22.0,23.0,19.0,31.0,35.58690029252867,127.0883439087745,134.1390729004013,41.59932461407474,50.95261163915583
16.0,-8.0,20.0,9.0,2.0,22.0,7.0,102.421355695098,63.17063667085434,118.50868100077588,180.45098539515863,120.98997453970104
9.0,-11.0,30.0,8.0,19.0,12.0,28.0,44.05000684748144,150.1630606725574,45.25218092694505,90.30044007480238,169.44585785448172
-6.0,-2.0,32.0,16.0,16.0,2.0,30.0,42.933907995768905,100.9206141450323,71.72302861647397,181.70311271150078,6.3845586090583994
-14.0,-1.0,21.0,13.0,27.0,28.0,10.0,50.28958505896406,39.77633279734625,30.66556825372777,136.3853360769348,25.71934752753262
-7.0,-13.0,31.0,12.0,14.0,12.0,33.0,17.36932854874429,174.2736920543109,130.1898788865674,46.61687168238922,63.72115339898712
-4.0,16.0,24.0,24.0,23.0,13.0,31.0,191.36534359922786,121.39787812106373,187.73814427828674,28.604338906495652,98.66240570587033
-4.0,-3.0,6.0,10.0,2.0,12.0,9.0,4.937005214063572,188.4309600567453,175.46125978902452,109.55925676767365,58.569810650657516
16.0,-3.0,30.0,22.0,13.0,8.0,31.0,26.931458890521775,168.60744915117922,133.05096036730794,4.28149050574167,39.522130363005694
-10.0,15.0,28.0,11.0,5.0,9.0,13.0,114.55645414174076,32.4649495782583,20.47648219977909,93.79139526256992,199.04790511862734
14.0,-8.0,16.0,5.0,9.0,19.0,19.0,102.33337864553256,77.93717268731439,131.77043182627872,90.67799009140354,138.81582205053385
1.0,6.0,3.0,18.0,29.0,18.0,10.0,91.24219157806941,160.67640088814827,126.03728670195353,182.77638501616073,13.416439389067115
6.0,9.0,15.0,25.0,24.0,15.0,31.0,1.73994635335184,3.0044096441391055,193.65054278467102,167.46994501452792,113.4040068109515
13.0,-4.0,33.0,16.0,31.0,20.0,4.0,83.86013572042708,107.14145881981483,105.9285220951063,197.88564828059714,62.01924708417845
9.0,6.0,15.0,23.0,25.0,3.0,14.0,117.25200137651468,93.68141646714368,111.39645017599726,42.95437485201279,174.38526026197917
-4.0,5.0,11.0,25.0,24.0,2.0,21.0,107.97001290710885,149.25984135913814,101.5002746896551,138.87000487203633,102.94925443435103
6.0,-6.0,4.0,30.0,31.0,2.0,16.0,95.81237033642087,28.01824289582433,144.52669049915264,108.45364870832557,62.838018773699744
-12.0,9.0,12.0,20.0,25.0,12.0,11.0,71.23679804973986,114.997033430661,172.4829429173959,102.05575976607062,121.0267296916969
-7.0,9.0,15.0,3.0,4.0,3.0,18.0,15.46575348049557,195.9072700219028,182.18521222255194,82.80366508628241,112.32281704699851
-16.0,-6.0,24.0,15.0,20.0,5.0,19.0,145.8711280643128,30.07565242178638,19.558764678421415,115.06489951702939,122.3743383289916
-2.0,16.0,8.0,18.0,2.0,33.0,17.0,179.6821818199669,174.8488346381488,84.09307974714244,91.1648478696806,4.716972446945444
1.0,-16.0,27.0,5.0,5.0,32.0,21.0,57.56758959325714,36.28992801864914,114.01335803793864,53.21646964114461,44.64300590591748
-16.0,-4.0,30.0,13.0,29.0,10.0,3.0,159.5986186650232,55.30108984687683,132.44042308246506,20.14321057328219,160.55298067965023
-11.0,12.0,27.0,15.0,6.0,21.0,11.0,29.70557380366021,130.46351926539936,138.762756570828,171.65397181176695,36.495913775527455
8.0,1.0,31.0,3.0,30.0,31.0,9.0,140.47610947363597,132.96798505918963,52.27704227200076,163.58438432184087,107.51911590989846
-11.0,-7.0,29.0,15.0,24.0,13.0,21.0,83.31990134149814,1.5864950404768319,92.5399024416117,50.48071700582146,64.69296794788922
9.0,4.0,23.0,3.0,25.0,33.0,7.0,133.38700881375152,145.95939893459246,59.84737737836381,3.752125906710191,199.07782105074264
6.0,8.0,7.0,9.0,16.0,15.0,6.0,35.881178602657606,98.51142834562255,196.29319388047202,65.87677296597396,82.55605894838371
-1.0,-11.0,6.0,15.0,25.0,28.0,15.0,139.5216445184621,141.99792535614617,23.610214520959595,69.86743801421757,173.73140462934543
12.0,11.0,27.0,3.0,20.0,10.0,10.0,188.91024714992167,98.3081469067032,45.88597029832226,122.06322855202079,68.2113180790706
-6.0,3.0,25.0,11.0,10.0,33.0,30.0,95.76085076257984,107.42947189374495,3.184201393824204,11.349474098725976,82.56481611181226
8.0,14.0,4.0,2.0,23.0,30.0,11.0,156.65179357679685,185.77710331563466,55.21595874303231,185.34924859935808,132.4476184044644
-11.0,4.0,24.0,14.0,25.0,17.0,11.0,45.37870317348271,174.1763455061819,123.83960312651124,91.22280401884171,193.99373336907965
-13.0,-4.0,8.0,10.0,11.0,2.0,21.0,32.90576339508861,164.9592222133305,41.970111049692306,5.379627268180198,72.05605010905387
11.0,-3.0,30.0,29.0,23.0,29.0,20.0,116.30859525929668,159.6232425993628,109.33238561672715,13.137884484591522,61.35974063462668
15.0,14.0,10.0,17.0,21.0,14.0,2.0,51.702913846679536,44.86268258076818,163.10594496854796,192.84020832097855,26.58881068901806
16.0,-3.0,30.0,3.0,27.0,24.0,8.0,197.17612050458274,126.49562955481916,183.32995826321275,93.53382232754662,138.93425890120866
0.0,6.0,8.0,12.0,28.0,12.0,16.0,45.20252408556129,61.73122123288015,83.02158249948914,49.107025064197394,6.528377022408471
-10.0,9.0,29.0,27.0,30.0,27.0,20.0,175.5963524577487,137.37547719803297,165.38183681839246,140.70788724349555,105.18891756579963
-13.0,5.0,26.0,18.0,14.0,28.0,17.0,99.08376168005381,155.2139204100423,165.25344713379124,147.5031906682925,134.1873334085494
6.0,-12.0,6.0,25.0,25.0,25.0,30.0,101.03352464972843,142.8878926715651,134.67151227384542,44.783958053810856,28.814017759232136
7.0,1.0,22.0,5.0,4.0,10.0,17.0,70.03844324371966,41.964766811660766,99.6439917306808,122.14200169588716,100.697178915451
-2.0,2.0,30.0,16.0,22.0,30.0,14.0,176.11600719130624,69.78047831377496,38.92503241594358,35.12530964972647,163.79773628733147
10.0,11.0,3.0,11.0,33.0,8.0,9.0,190.30905668269847,11.996961378218352,146.49269909794748,173.70862944281927,118.64656201629546
-11.0,-12.0,30.0,22.0,15.0,11.0,18.0,141.71137817128923,151.9469577489946,83.16317996087564,66.79411713125619,185.88188678415202
-7.0,14.0,4.0,32.0,27.0,14.0,28.0,124.70042265743282,176.44776186214528,92.59600943109373,136.23704517819294,53.17435838481768
12.0,6.0,22.0,12.0,10.0,18.0,30.0,24.10904459533656,188.81839462414663,188.75179714838868,58.722965951003545,14.313250917130983
2.0,-8.0,29.0,11.0,11.0,30.0,15.0,36.07428737617078,134.1350171657963,21.135512197242544,172.08740449511254,135.46168320362838
-11.0,0.0,11.0,28.0,4.0,19.0,20.0,116.07778810212643,55.03640335070603,106.12218092047118,109.1290189785669,108.81770181739347
-7.0,-14.0,2.0,5.0,25.0,14.0,24.0,153.71895816459678,176.7330564277406,66.0856472678435,98.35707156408056,34.19594961601926
12.0,1.0,29.0,4.0,31.0,10.0,12.0,88.87344426057207,158.19438799229755,65.22070592972638,146.79096385606582,14.424108538500157
-2.0,-16.0,4.0,8.0,3.0,28.0,6.0,88.50933907350749,41.55766736023683,48.388404498041936,94.12358716746839,123.90421043594525
0.0,0.0,19.0,12.0,7.0,28.0,13.0,166.85899385322733,53.13536316648282,77.69724769012065,27.348638789516635,166.1719246246783
-10.0,-6.0,22.0,18.0,26.0,19.0,33.0,197.31499973565116,172.65300284023056,181.70833618091427,30.247221650485614,152.58246417326959
-4.0,-4.0,9.0,27.0,9.0,14.0,17.0,77.50857442111345,181.12589013250926,105.80908565092884,150.29653550424754,79.76513409327102
-5.0,-7.0,23.0,32.0,22.0,18.0,4.0,176.90251284666317,36.66118007314485,73.09873672255836,162.0174614667524,17.635611592382627
-2.0,10.0,32.0,16.0,14.0,14.0,32.0,11.211350698729916,167.29110472924916,4.161139196260133,148.25801338186605,152.22574621487553
-9.0,-7.0,24.0,8.0,4.0,11.0,22.0,13.105354512506185,84.2362508539596,116.72581217613231,51.78217893465822,15.685425167835687
6.0,14.0,31.0,30.0,19.0,11.0,31.0,112.60243339178257,35.968955776105126,133.75858590377982,88.38280859223097,46.85897876722818
15.0,-8.0,27.0,31.0,31.0,26.0,17.0,153.40061246830595,39.09236980907777,178.32623702874895,20.29046800178145,83.5625379641735
14.0,11.0,15.0,21.0,6.0,16.0,20.0,46.138819478335094,139.5780755706158,77.19416899237422,166.87037372520516,8.349196903262367
6.0,6.0,12.0,30.0,9.0,21.0,27.0,34.47949644360406,137.14496853707112,194.17684560507496,40.81609167952982,43.9255682574889
-2.0,-16.0,10.0,10.0,13.0,4.0,27.0,174.33886595726696,152.37732403880972,51.54916161528546,154.4055448098168,67.20174184155331
-9.0,-1.0,30.0,8.0,13.0,23.0,6.0,171.22003974283365,174.5174585099458,191.13595731635368,103.60590781685252,130.7401103801585
-6.0,1.0,29.0,3.0,15.0,21.0,6.0,82.7524104741823,149.04009909196245,84.87237768654474,105.45290697780798,133.80377180867413
-5.0,4.0,24.0,6.0,29.0,11.0,9.0,128.96448278731577,140.99367591799736,5.191203438943748,10.203426902237368,136.51054513156978
-2.0,11.0,11.0,32.0,18.0,7.0,9.0,41.36296866038342,166.98640214917728,39.185150594367826,160.87228785248962,68.0155900621476
-4.0,15.0,33.0,7.0,25.0,12.0,21.0,55.78335955001539,11.244326392397141,36.61955569934021,186.71922908091244,110.55278968199515
9.0,1.0,19.0,5.0,6.0,26.0,20.0,132.98539022590157,18.272451296977255,105.71703249336979,139.60730562535278,176.70078578828145
-14.0,6.0,17.0,7.0,5.0,19.0,29.0,104.11889187653476,58.72447131087532,14.037142236214638,19.85616648235251,166.43730823936306
16.0,4.0,2.0,11.0,20.0,29.0,18.0,22.2410150591819,111.020664751545,61.52472201971182,173.50318218738576,76.24467951897267
-5.0,-10.0,16.0,10.0,27.0,24.0,15.0,164.14887403049983,176.0657015241342,90.45871514210803,49.849635229355016,150.67910089219754
-5.0,-11.0,23.0,31.0,17.0,5.0,28.0,76.26987027525276,168.43221007642072,41.93129524846053,63.40399648650281,91.97086965683839
0.0,-10.0,10.0,12.0,26.0,21.0,21.0,105.68555842950384,156.52065988703652,194.3056300549255,38.39371679924965,115.45430855406505
4.0,14.0,2.0,28.0,22.0,11.0,7.0,105.83514405015524,73.95070792514589,165.41836540915162,145.6466576078288,163.2019546549072
6.0,8.0,26.0,17.0,13.0,26.0,23.0,64.60576591708272,60.436639382165744,168.31152054322268,155.38686722972164,66.71566083813283
-8.0,16.0,20.0,33.0,25.0,4.0,15.0,62.207682083453264,163.67238588945688,192.3990356309546,76.22133010160137,198.2855615929018
-7.0,-2.0,16.0,15.0,29.0,14.0,19.0,71.58936113539436,71.97722593386837,185.51722311587966,170.9549240796163,121.14711693565951
-3.0,-1.0,10.0,22.0,19.0,4.0,9.0,146.8813344119982,194.2241147908323,24.866752212008535,26.721847546347675,131.43788328539284
7.0,-5.0,9.0,22.0,31.0,8.0,22.0,9.129612132682464,163.08451334381888,86.62297905166037,7.870212671222987,106.46357063826144
-7.0,1.0,7.0,32.0,12.0,26.0,33.0,109.2615346406711,40.97987047984218,50.347931864065764,184.53104958305232,192.02414179574038
-9.0,13.0,2.0,25.0,18.0,27.0,6.0,84.5790788183076,124.48466046754754,20.20049481458157,42.99137224263572,197.9126397533855
15.0,5.0,27.0,20.0,29.0,18.0,28.0,44.18818589673192,29.827884813113002,115.32877510138826,12.824913479628176,60.863786539272844
-2.0,5.0,10.0,18.0,28.0,22.0,3.0,174.98831092851296,110.97444440770082,164.59276249314487,84.94772414836036,39.97709622989674
-11.0,-10.0,33.0,9.0,3.0,6.0,31.0,60.1627720766974,87.08919411541626,102.1949323715089,133.4440581554857,35.60350841687638
-10.0,13.0,4.0,22.0,27.0,28.0,14.0,161.55686079475967,56.86729744335754,128.18996238632343,187.92397156628655,151.11792292989665
2.0,-3.0,21.0,23.0,6.0,18.0,32.0,47.377149203134564,161.5206353041566,15.610530407988211,15.21720520846599,128.13791542162411
-8.0,-7.0,6.0,10.0,30.0,2.0,6.0,168.05454390735574,171.80294773341603,165.2569573951024,127.23967583251064,54.56825192102508
1.0,-10.0,8.0,8.0,8.0,23.0,20.0,192.3949170619881,199.4064320595236,115.2473871706163,90.13425625548564,80.79160388752705
10.0,-4.0,21.0,2.0,29.0,28.0,11.0,21.5642201613629,40.64572979684624,12.318166468469638,13.35691288537122,19.82037452221683
14.0,3.0,29.0,10.0,18.0,18.0,31.0,132.01257868121067,145.97396093629987,157.88510456711674,161.17572889679758,66.66649874908113
-13.0,6.0,3.0,24.0,23.0,27.0,27.0,71.0156934433597,171.25900935241322,147.40813598196036,63.496945328865515,108.71335048724018
-2.0,6.0,9.0,4.0,8.0,8.0,2.0,154.37041468636585,100.36394271146646,117.46230160138569,87.35130170029689,100.46125685960028
-10.0,-9.0,9.0,21.0,10.0,28.0,14.0,68.07097853664659,47.75381580341127,175.2865959196655,107.87366576709915,15.939999485603584
-13.0,7.0,29.0,28.0,19.0,13.0,25.0,42.875748863980576,15.826004332502741,50.8763603537276,11.801086970931518,186.26554570524382
1.0,4.0,31.0,24.0,13.0,2.0,10.0,45.961941046867885,163.82825511007817,165.02894809803234,135.35837875828196,77.19330837200329
9.0,1.0,31.0,7.0,24.0,14.0,25.0,184.87525511364387,86.75920649104631,170.27006326254286,61.82595080711772,147.90517341481163
13.0,-5.0,23.0,21.0,9.0,12.0,21.0,158.1332207912796,170.32335644724878,74.02264364950122,188.01583135182952,148.75636403072207
-12.0,1.0,27.0,25.0,6.0,21.0,33.0,40.24121734482446,128.16446618851668,95.75473910299814,72.95317472085696,72.33412263168626
-5.0,7.0,24.0,26.0,14.0,33.0,26.0,185.21492109497157,135.97731142880502,41.24193893702126,23.9511968355393,167.98590491142582
12.0,-10.0,20.0,29.0,15.0,6.0,17.0,122.63626641397506,122.3165339005462,87.71194736543613,75.29720887967248,22.07050477610586
1.0,13.0,4.0,25.0,33.0,15.0,5.0,162.68704181500783,92.27335679067848,122.95663530232652,131.7997203343202,144.0571375905604
4.0,13.0,4.0,2.0,13.0,20.0,24.0,133.1323471263677,198.72860308962925,96.69412763158434,39.967002872096934,126.82788256890316
-1.0,-11.0,6.0,7.0,13.0,22.0,14.0,18.96928380312928,93.12119511445704,7.418938891170246,6.161411797441163,68.31755958982635
-4.0,2.0,18.0,13.0,6.0,14.0,11.0,102.62419952701416,118.69560597800532,170.9085441345082,193.80590207150397,68.04938872413464
-12.0,-10.0,13.0,29.0,7.0,22.0,30.0,154.12127099384543,79.63810670830568,105.30918626800903,131.18579475156363,157.57104106851102
13.0,-15.0,26.0,7.0,18.0,23.0,5.0,135.43290194426478,130.60474842044502,141.86078258368389,52.28557388123025,41.047643778953315
10.0,15.0,32.0,30.0,19.0,12.0,20.0,197.9757299110163,57.49923183657237,147.39749591101463,94.03268344335002,86.13213772207669
6.0,-16.0,8.0,33.0,16.0,2.0,10.0,150.22894347535671,69.95856591326695,187.72400891963613,11.217450355221636,110.30418207288007
-3.0,6.0,22.0,14.0,6.0,12.0,21.0,85.9587562243581,114.00277386029396,91.87710847754877,153.19296508038767,147.4083677595689
1.0,16.0,15.0,8.0,13.0,6.0,13.0,76.22178876337024,92.7951696411466,118.85932328439218,130.29797256259005,27.77360583150572
15.0,0.0,14.0,26.0,13.0,32.0,3.0,135.90461743924618,165.72610479580302,103.19399258079025,195.6759476067151,39.69680009691885
-13.0,-9.0,4.0,26.0,7.0,16.0,11.0,75.36395283456596,19.006235190650123,174.86452010811166,191.81940370520547,158.67728561533207
1.0,4.0,5.0,15.0,20.0,10.0,20.0,46.32710470258679,3.542570683926849,179.74682995484193,116.62155792991642,151.60870594660955
2.0,16.0,19.0,31.0,18.0,15.0,28.0,189.60099661098283,152.11116126837766,15.892782093178749,89.39473447903579,171.68411754106546
0.0,10.0,32.0,23.0,24.0,24.0,23.0,10.39493388722712,173.7388800290422,134.89823721561197,197.503349150997,89.12374340232535
11.0,-13.0,29.0,3.0,28.0,24.0,18.0,107.21688527214145,49.72935598710628,59.27594714874553,31.079706260601704,17.910511214640934
15.0,-2.0,26.0,28.0,4.0,12.0,29.0,92.16832461942901,116.94066274552557,126.06886669403481,128.28815731114588,111.62821398645512
-10.0,-5.0,23.0,10.0,25.0,10.0,16.0,117.15801150005262,169.7727061763523,192.28322298281603,13.405357617709,31.944694892802673
10.0,3.0,24.0,32.0,10.0,13.0,27.0,23.525902344746452,9.297617427899807,102.20906528641585,37.76360055918588,149.3136616611681
-2.0,-3.0,8.0,7.0,32.0,28.0,15.0,156.863352507301,129.15775713733876,15.03114089413815,181.90587197251807,155.22313173468282
6.0,0.0,13.0,3.0,30.0,17.0,6.0,114.56792102802271,26.808443707434492,121.37681250270515,132.71786749885558,97.67106138681669
-5.0,-16.0,17.0,13.0,19.0,30.0,27.0,163.4714376650035,194.4122256030649,95.26449603059478,172.41903177059777,179.12710674347377
-13.0,7.0,8.0,25.0,26.0,15.0,25.0,198.28163472220822,165.56293118180923,76.81915251306195,145.2419624301571,20.644863502412235
14.0,-10.0,15.0,29.0,30.0,9.0,19.0,164.2619915584741,143.33870659070368,45.691220406592016,41.087598945490946,130.59023814481776
